X,MajorityProteinIDs,ProteinNames,GeneID,CTRL.1.intensity,CTRL.2.intensity,CTRL.3.intensity,RNF43.1.intensity,RNF43.2.intensity,RNF43.3.intensity,logFC_RNF43.CTRL,pval_RNF43.CTRL,adjpval_RNF43.CTRL
1,A0A0A6YYH1;Q7Z6K5,Arpin,C15orf38-AP3S2;ARPIN,0,0,0,85830,178870,0,1.34965379,0.091653539,0.134512285
2,A0A0A6YYL6;P18621,60S ribosomal protein L17,RPL17-C18orf32;RPL17,294790,432290,310860,4329200,599050,799220,1.130503945,0.38283289,0.436235304
3,A0A1B0GTU1;O75152,Zinc finger CCCH domain-containing protein 11A,ZC3H11A,0,0,0,82567,119250,0,1.129460686,0.090492069,0.134207015
4,A0A2R8YDH4;Q9UDY2,Tight junction protein ZO-2,TJP2,0,0,0,5026300,6036800,4172700,7.520780445,4.33e-08,2.59e-07
5,A2RUB1,Uncharacterized protein C17orf104,MEIOC,0,0,0,12500000,21800000,17100000,9.263580862,2.42e-08,1.91e-07
6,A2VDJ0,Transmembrane protein 131-like,TMEM131L,0,0,0,2278200,2631800,2715000,6.493834219,4.33e-08,2.59e-07
7,A4D1F6,Leucine-rich repeat and death domain-containing protein 1,LRRD1,0,0,0,0,0,0,0,1,1
8,A5YKK6,CCR4-NOT transcription complex subunit 1,CNOT1,0,0,0,698560,1006300,788340,4.840164061,3.62e-08,2.45e-07
9,A6ND36,Protein FAM83G,FAM83G,0,0,0,0,308000,0,1.031599445,0.334977225,0.388645857
10,A6NKD9,Coiled-coil domain-containing protein 85C,CCDC85C,0,0,0,270080,1595900,311570,4.144454986,0.001925365,0.003894067
11,A6NKL6,Transmembrane protein 200C,TMEM200C,3215900,2867600,5767100,3182000,2711500,3575300,-1.406701362,0.075537598,0.130890218
12,A7KAX9,Rho GTPase-activating protein 32,ARHGAP32,0,0,0,47600000,56900000,47500000,10.8658372,5.7e-10,2.97e-08
13,A8CG34,Nuclear envelope pore membrane protein POM 121C,POM121C,0,0,0,3057700,2011800,1180400,6.092574811,4.12e-05,0.000102
14,A8MWY0,UPF0577 protein KIAA1324-like,ELAPOR2,0,0,0,0,0,0,0,1,1
15,A8MXV4,"Nucleoside diphosphate-linked moiety X motif 19, mitochondrial",NUDT19,0,0,0,1106900,1933700,0,3.777910086,0.088891312,0.134207015
16,B2RNG4,NA,TRIM6-TRIM34,0,0,0,0,0,0,0,1,1
17,C9JAW5;Q9Y241,"HIG1 domain family member 1A, mitochondrial",HIGD1A,0,0,0,1647100,0,0,2.001026303,0.334542166,0.388645857
18,E7EVH7;Q07866;Q9H0B6,Kinesin light chain 1;Kinesin light chain 2,KLC1;KLC2,0,0,0,118050,201170,0,1.56548635,0.08889501,0.134207015
19,J3QQQ9;P61254;Q9UNX3,60S ribosomal protein L26;60S ribosomal protein L26-like 1,RPL26;RPL26L1,33397,0,0,2510900,0,63493,2.219338169,0.311226559,0.388645857
20,O00151,PDZ and LIM domain protein 1,PDLIM1,0,0,0,8524200,8229000,7051900,8.185112943,1.35e-07,6.31e-07
21,O00161,Synaptosomal-associated protein 23,SNAP23,0,0,0,3207000,3912100,730140,6.207038608,0.000407,0.000903
22,O00213,Amyloid beta A4 precursor protein-binding family B member 1,APBB1,0,0,0,4514500,6883300,6663900,7.763787626,7.93e-08,4.09e-07
23,O00505,Importin subunit alpha-4,KPNA3,0,0,0,0,698280,539030,2.874063564,0.088421573,0.134207015
24,O00571,ATP-dependent RNA helicase DDX3X,DDX3X,44600000,6587500,1612900,73600000,42200000,4.6e+07,-0.052141829,0.969950862,1
25,O00763,Acetyl-CoA carboxylase 2;Biotin carboxylase,ACACB,2.53e+08,14100000,5.41e+08,17900000,38300000,2e+07,-4.833923857,0.005362464,0.010283505
26,O14497,AT-rich interactive domain-containing protein 1A,ARID1A,0,0,0,224000,1150800,244520,3.771976888,0.001862917,0.003792152
27,O14617,AP-3 complex subunit delta-1,AP3D1,0,0,26141,205630,274810,225130,2.821349119,2.2e-05,5.64e-05
28,O14639,Actin-binding LIM protein 1,ABLIM1,0,0,0,1436900,2052100,1472300,5.841337573,4.54e-08,2.63e-07
29,O14640,Segment polarity protein dishevelled homolog DVL-1,DVL1,0,0,0,58600000,78200000,5.1e+07,11.16343206,5.82e-09,8.52e-08
30,O14641,Segment polarity protein dishevelled homolog DVL-2,DVL2,0,0,0,92400000,1.34e+08,84700000,11.94261928,4.65e-09,7.38e-08
31,O14654,Insulin receptor substrate 4,IRS4,62952,0,0,2.05e+08,2.76e+08,2.46e+08,12.1067476,8.13e-05,0.000192
32,O14737,Programmed cell death protein 5,PDCD5,0,0,0,0,1687000,1116000,3.677210853,0.088700291,0.134207015
33,O14776,Transcription elongation regulator 1,TCERG1,0,0,0,1339900,1533500,1575400,5.698646601,3.69e-08,2.46e-07
34,O14936,Peripheral plasma membrane protein CASK,CASK,0,0,0,483810,0,0,1.42443869,0.334695557,0.388645857
35,O14964,Hepatocyte growth factor-regulated tyrosine kinase substrate,HGS,0,0,0,12500000,20900000,18100000,9.267746355,3.38e-08,2.35e-07
36,O15027,Protein transport protein Sec16A,SEC16A,265380,0,1498300,1.41e+08,1.78e+08,1.46e+08,8.281245903,0.012697717,0.023660616
37,O15037,Protein KHNYN,KHNYN,0,0,0,211680,467040,384450,3.523473441,2.11e-05,5.42e-05
38,O15042,U2 snRNP-associated SURP motif-containing protein,U2SURP,0,0,0,346570,554480,415990,3.888890314,1.31e-07,6.27e-07
39,O15061,Synemin,SYNM,0,0,0,2.62e+08,3.86e+08,3.45e+08,13.80396245,1.01e-09,3.33e-08
40,O15067,Phosphoribosylformylglycinamidine synthase,PFAS,0,0,0,0,0,0,0,1,1
41,O15126,Secretory carrier-associated membrane protein 1,SCAMP1,0,0,0,81246,3727000,0,2.828157042,0.200222125,0.267956844
42,O15169,Axin-1,AXIN1,0,0,0,4377000,4772400,3986200,7.311879899,3.1e-08,2.27e-07
43,O15173,Membrane-associated progesterone receptor component 2,PGRMC2,0,0,0,1231100,0,0,1.859164352,0.334567139,0.388645857
44,O15504,Nucleoporin-like protein 2,NUP42,0,0,0,1028000,1088800,1243400,5.289086028,2.64e-07,1.09e-06
45,O43143,Pre-mRNA-splicing factor ATP-dependent RNA helicase DHX15,DHX15,1223500,0,2925100,0,0,0,-4.1421499,0.089255188,0.134207015
46,O43164,E3 ubiquitin-protein ligase Praja-2,PJA2,0,0,0,0,595960,557790,2.811091152,0.08842993,0.134207015
47,O43166,Signal-induced proliferation-associated 1-like protein 1,SIPA1L1,0,0,0,0,0,233970,1.011805683,0.335000612,0.388645857
48,O43395,U4/U6 small nuclear ribonucleoprotein Prp3,PRPF3,0,0,0,416960,0,803140,2.954927848,0.090884825,0.134207015
49,O43396,Thioredoxin-like protein 1,TXNL1,1145500,0,0,0,1066300,716790,1.382923366,0.573648565,0.630812845
50,O43491,Band 4.1-like protein 2,EPB41L2,0,0,0,10600000,16400000,14400000,8.9639837,1.27e-08,1.47e-07
51,O43660,Pleiotropic regulator 1,PLRG1,0,0,0,0,0,0,0,1,1
52,O43809,Cleavage and polyadenylation specificity factor subunit 5,NUDT21,0,0,0,1750300,1610100,1839000,5.927665172,3.78e-07,1.47e-06
53,O60292,Signal-induced proliferation-associated 1-like protein 3,SIPA1L3,0,0,0,888200,1526600,0,3.558182841,0.088900301,0.134207015
54,O60716,Catenin delta-1,CTNND1,0,0,0,1518100,1945100,1924100,5.972564102,3.26e-08,2.33e-07
55,P06899;O60814;P57053,Histone H2B type 1-J;Histone H2B type 1-K;Histone H2B type F-S,HIST1H2BJ;HIST1H2BK;H2BFS,0,0,0,13600000,0,1786100,5.089291256,0.101866783,0.141622059
56,O60858,E3 ubiquitin-protein ligase TRIM13,TRIM13,0,0,0,15800000,2114700,16300000,8.230387366,0.000718,0.001531452
57,O75113,NEDD4-binding protein 1,N4BP1,0,0,0,1701200,2164400,1603100,5.99121355,2.59e-08,1.98e-07
58,O75128,Protein cordon-bleu,COBL,0,0,0,0,0,68145,0.416148426,0.338003137,0.389384566
59,O75182,Paired amphipathic helix protein Sin3b,SIN3B,0,0,0,282620,371910,559920,3.738253681,5.38e-05,0.00013
60,O75376,Nuclear receptor corepressor 1,NCOR1,0,0,0,214140,364330,0,2.153531341,0.088810945,0.134207015
61,O75410,Transforming acidic coiled-coil-containing protein 1,TACC1,0,0,0,1564200,1574200,2022100,5.908145382,7.22e-07,2.51e-06
62,O75420,PERQ amino acid-rich with GYF domain-containing protein 1,GIGYF1,0,0,0,4325000,5027600,5746500,7.514212082,1.92e-07,8.43e-07
63,O75534,Cold shock domain-containing protein E1,CSDE1,0,0,29045,3343400,2339400,2402500,6.535137877,3.04e-06,8.93e-06
64,O75607,Nucleoplasmin-3,NPM3,1120700,0,0,1134500,1878200,2094800,3.962587273,0.079430353,0.134207015
65,O75694,Nuclear pore complex protein Nup155,NUP155,200400,0,0,7814300,11800000,8706600,7.232824359,0.001490762,0.003064345
66,O75962,Triple functional domain protein,TRIO,0,0,0,0,1533600,0,1.857620676,0.334567442,0.388645857
67,O75976,Carboxypeptidase D,CPD,0,0,0,735090,877420,594190,4.659613943,1.09e-06,3.56e-06
68,O76039,Cyclin-dependent kinase-like 5,CDKL5,0,0,0,122930,205430,0,1.595865861,0.08880012,0.134207015
69,O76080,AN1-type zinc finger protein 5,ZFAND5,0,0,0,0,0,245570,1.035089412,0.33497324,0.388645857
70,O94842,TOX high mobility group box family member 4,TOX4,0,0,0,3266600,3424300,3023400,6.860475541,4.22e-08,2.58e-07
71,O94972,E3 ubiquitin-protein ligase TRIM37,TRIM37,0,0,0,0,243980,0,0.909441418,0.335146878,0.388645857
72,O94979,Protein transport protein Sec31A,SEC31A,0,0,0,374980,0,0,1.305880567,0.334754557,0.388645857
73,O95210,Starch-binding domain-containing protein 1,STBD1,0,0,0,2572000,2262000,2544000,6.446212669,4.81e-07,1.81e-06
74,O95249,Golgi SNAP receptor complex member 1,GOSR1,0,0,0,0,853350,0,1.56712985,0.334641517,0.388645857
75,O95425,Supervillin,SVIL,0,0,0,634010,1002000,628240,4.679452582,8.8e-07,2.96e-06
76,O95486,Protein transport protein Sec24A,SEC24A,0,0,0,1686000,10300000,5506600,7.38225824,0.000105,0.000245
77,O95487,Protein transport protein Sec24B,SEC24B,0,0,0,1.7e+07,31300000,11100000,9.376566572,1.87e-06,5.82e-06
78,O95630,STAM-binding protein,STAMBP,0,0,0,0,481770,567870,2.71207513,0.089595297,0.134207015
79,O95721,Synaptosomal-associated protein 29,SNAP29,0,0,0,837220,5173400,5287700,6.66484269,0.00044,0.000972
80,O95819,Mitogen-activated protein kinase kinase kinase kinase 4,MAP4K4,0,0,0,3310900,5382700,3524500,7.171078575,2.9e-08,2.17e-07
81,O95881,Thioredoxin domain-containing protein 12,TXNDC12,0,0,453720,0,0,0,-1.405900095,0.334703809,0.388645857
82,P00390,"Glutathione reductase, mitochondrial",GSR,3031600,0,3555200,0,0,0,-4.840861257,0.088322471,0.134207015
83,P00533,Epidermal growth factor receptor,EGFR,0,0,0,0,0,0,0,1,1
84,P02545,Prelamin-A/C;Lamin-A/C,LMNA,168080,0,200030,183300,0,0,-1.2895607,0.397932121,0.450178605
85,Q8N339;P80297;P04732;P02795;P13640,Metallothionein-1M;Metallothionein-1X;Metallothionein-1E;Metallothionein-2;Metallothionein-1G,MT1M;MT1X;MT1E;MT2A;MT1G,215060,0,0,0,112860,0,-0.78266032,0.578450079,0.634982722
86,P04075,Fructose-bisphosphate aldolase A,ALDOA,106250,0,159120,137850,0,0,-1.156812401,0.386698225,0.439049067
87,P04637,Cellular tumor antigen p53,TP53,0,66554,0,667620,371540,422470,2.952195304,0.040918844,0.072501275
88,P04843,Dolichyl-diphosphooligosaccharide--protein glycosyltransferase subunit 1,RPN1,0,0,0,0,1134000,0,1.709947205,0.334600393,0.388645857
89,P05141,"ADP/ATP translocase 2;ADP/ATP translocase 2, N-terminally processed",SLC25A5,3063200,806370,2712900,8437400,2955300,2578000,-0.019769772,0.975747985,1
90,P05165,"Propionyl-CoA carboxylase alpha chain, mitochondrial",PCCA,3.57e+09,5.46e+08,5.3e+09,8.7e+08,1.19e+09,9.03e+08,-0.523404208,0.002285385,0.004563515
91,P05166,"Propionyl-CoA carboxylase beta chain, mitochondrial",PCCB,3758200,280240,2451700,0,1374000,0,-4.653440278,0.048436308,0.085101782
92,Q8NHW5;P05388,60S acidic ribosomal protein P0-like;60S acidic ribosomal protein P0,RPLP0P6;RPLP0,0,0,46723,0,0,0,-0.500972774,0.336887515,0.388811462
93,P06493,Cyclin-dependent kinase 1,CDK1,0,0,0,1072100,904040,1185000,5.195778569,2.53e-06,7.58e-06
94,P06733,Alpha-enolase,ENO1,7353900,340310,21400000,3998400,2299200,2995200,-1.463686459,0.197011483,0.264222223
95,P06748,Nucleophosmin,NPM1,553770,0,0,14200000,12200000,10700000,7.113887722,0.007983973,0.015080837
96,P07195;Q6ZMR3;P07864;P00338,L-lactate dehydrogenase B chain;L-lactate dehydrogenase A-like 6A;L-lactate dehydrogenase C chain;L-lactate dehydrogenase A chain,LDHB;LDHAL6A;LDHC;LDHA,228310,0,0,2861900,0,0,1.191943912,0.632969855,0.687630464
97,P07237,Protein disulfide-isomerase,P4HB,0,0,0,1108200,2109100,1228200,5.640332859,1.83e-06,5.71e-06
98,P07437;Q9BVA1;Q13885,Tubulin beta chain;Tubulin beta-2B chain;Tubulin beta-2A chain,TUBB;TUBB2B;TUBB2A,28800000,1842100,30900000,7570300,6577800,4350600,-2.957512157,0.001128591,0.002350609
99,P08238,Heat shock protein HSP 90-beta,HSP90AB1,49258,0,0,618740,2201900,878190,4.761951419,0.000545,0.001181745
100,P08670,Vimentin,VIM,0,0,0,51300000,54800000,49900000,10.90756381,3.56e-09,6.23e-08
101,P09234,U1 small nuclear ribonucleoprotein C,SNRPC,0,0,0,2506700,2085500,2980800,6.471977037,2.21e-06,6.73e-06
102,P09651;A0A2R8Y4L2,"Heterogeneous nuclear ribonucleoprotein A1;Heterogeneous nuclear ribonucleoprotein A1, N-terminally processed",HNRNPA1,396690,0,561600,18600000,11900000,9010100,5.845906742,0.010929234,0.020493926
103,Q99878;Q96KK5;Q9BTM1;Q16777;Q6FI13;P0C0S8;Q8IUE6,Histone H2A type 1-J;Histone H2A type 1-H;Histone H2A.J;Histone H2A type 2-C;Histone H2A type 2-A;Histone H2A type 1;Histone H2A type 2-B,HIST1H2AJ;HIST1H2AH;H2AFJ;HIST2H2AC;HIST2H2AA3;HIST1H2AG;HIST2H2AB,1689800,0,2743900,51900000,0,0,-0.85065731,0.841927259,0.891535767
104,P0DMV9;P0DMV8,Heat shock 70 kDa protein 1B;Heat shock 70 kDa protein 1A,HSPA1B;HSPA1A,14300000,207040,29300000,53900000,63200000,43300000,1.027796039,0.457696587,0.515933966
105,P10071,Transcriptional activator GLI3;Transcriptional repressor GLI3R,GLI3,0,0,0,382720,2325700,1473900,5.260422465,0.000647,0.001388793
106,P10412;P16402;Q02539,Histone H1.4;Histone H1.3;Histone H1.1,HIST1H1E;HIST1H1D;HIST1H1A,769220,524180,0,23300000,361670,4043000,2.881997886,0.311675843,0.388645857
107,P10599,Thioredoxin,TXN,2498600,0,14100000,0,941210,0,-3.780616183,0.262808457,0.349485242
108,P10809,"60 kDa heat shock protein, mitochondrial",HSPD1,1450000,188400,899960,1751900,902840,461420,-0.228595115,0.742780673,0.793224182
109,P11021,78 kDa glucose-regulated protein,HSPA5,0,0,201550,17800000,27300000,20400000,8.579865066,0.000455,0.001
110,P11137,Microtubule-associated protein 2,MAP2,417450,428450,0,0,0,0,-3.345829639,0.095537525,0.135957248
111,P11142,Heat shock cognate 71 kDa protein,HSPA8,7769300,145430,14600000,16100000,36900000,20900000,1.314487246,0.257142674,0.342675301
112,P11171,Protein 4.1,EPB41,0,0,0,6513900,10300000,8558800,8.257215709,9.32e-09,1.17e-07
113,P11498,"Pyruvate carboxylase, mitochondrial",PC,1.51e+10,2.04e+09,1.72e+10,2.91e+09,4.12e+09,3.25e+09,0.100738426,0.371178074,0.423722338
114,P11717,Cation-independent mannose-6-phosphate receptor,IGF2R,0,0,0,1761700,904560,0,3.636080024,0.09303344,0.134972939
115,P12236,"ADP/ATP translocase 3;ADP/ATP translocase 3, N-terminally processed",SLC25A6,804570,0,0,1657700,694360,630150,3.289214772,0.105230254,0.145472153
116,P12270,Nucleoprotein TPR,TPR,0,0,0,13300000,14100000,14100000,8.992405487,2.31e-08,1.91e-07
117,P13639,Elongation factor 2,EEF2,5463300,454700,3935000,1899900,3045600,1898900,-0.963095054,0.088834684,0.134207015
118,P13667,Protein disulfide-isomerase A4,PDIA4,0,0,0,0,0,1289500,1.842348236,0.334570487,0.388645857
119,P13807,"Glycogen [starch] synthase, muscle",GYS1,1030700,0,2843600,0,0,0,-4.030757119,0.090217066,0.134207015
120,P14174,Macrophage migration inhibitory factor,MIF,4245600,497980,1.3e+07,1104600,1465100,1966000,-2.041679746,0.023420972,0.042211437
121,P14618,Pyruvate kinase PKM,PKM,2381200,599640,2482800,10900000,10400000,7867500,1.492720113,0.003666133,0.007155274
122,P14625,Endoplasmin,HSP90B1,0,0,0,676110,1698300,1743400,5.465503279,3.87e-05,9.66e-05
123,P15880,40S ribosomal protein S2,RPS2,459650,165250,0,2360800,566790,453980,1.918890614,0.282558973,0.37259873
124,P16403,Histone H1.2,H1-2,459560,0,0,13600000,0,2434900,3.658455914,0.264681866,0.351233952
125,P16615,Sarcoplasmic/endoplasmic reticulum calcium ATPase 2,ATP2A2,184790,0,81329,0,0,0,-1.949340673,0.116812505,0.159728403
126,P17066;P48741,Heat shock 70 kDa protein 6;Putative heat shock 70 kDa protein 7,HSPA6;HSPA7,265220,0,6291100,1113400,702280,858570,1.214739682,0.587575975,0.643876809
127,P17844,Probable ATP-dependent RNA helicase DDX5,DDX5,487220,280050,1564300,14100000,15600000,12400000,3.428854935,0.000542,0.00117861
128,P17987,T-complex protein 1 subunit alpha,TCP1,173960,0,88913,0,0,0,-1.960317167,0.109845822,0.151519786
129,P18124,60S ribosomal protein L7,RPL7,0,0,0,2571500,0,0,2.225880159,0.334511926,0.388645857
130,P18583,Protein SON,SON,0,0,0,1169800,1183700,1371500,5.439972649,3.1e-07,1.24e-06
131,P19338,Nucleolin,NCL,0,0,0,0,0,0,0,1,1
132,Q16720;P20020;P23634;Q01814,Plasma membrane calcium-transporting ATPase 3;Plasma membrane calcium-transporting ATPase 1;Plasma membrane calcium-transporting ATPase 4;Plasma membrane calcium-transporting ATPase 2,ATP2B3;ATP2B1;ATP2B4;ATP2B2,25841,0,0,538330,519760,398900,3.788345995,9.87e-05,0.000231
133,P21333,Filamin-A,FLNA,0,0,231720,1.24e+08,1.79e+08,1.37e+08,10.40851538,0.002986094,0.005869541
134,P22102,Trifunctional purine biosynthetic protein adenosine-3;Phosphoribosylamine--glycine ligase;Phosphoribosylformylglycinamidine cyclo-ligase;Phosphoribosylglycinamide formyltransferase,GART,410290,172090,127060,0,388410,331040,-1.579721338,0.267624381,0.354391022
135,P22626,Heterogeneous nuclear ribonucleoproteins A2/B1,HNRNPA2B1,0,0,0,2807400,1524500,430290,5.425055977,0.001155434,0.002398574
136,P23246,"Splicing factor, proline- and glutamine-rich",SFPQ,1496400,0,1780600,5347200,6684300,6470600,3.612581187,0.126824279,0.173042238
137,Q93079;Q5QNW6;P23527,Histone H2B type 1-H;Histone H2B type 2-F;Histone H2B type 1-O,HIST1H2BH;HIST2H2BF;HIST1H2BO,4875900,569450,4759600,1.21e+08,2061500,3017000,0.679198313,0.729613447,0.781817476
138,P23588,Eukaryotic translation initiation factor 4B,EIF4B,0,0,0,283620,591200,0,2.533575593,0.090319551,0.134207015
139,P25054,Adenomatous polyposis coli protein,APC,0,0,0,27700000,35900000,25100000,10.07090633,2.71e-09,5.17e-08
140,P25398,40S ribosomal protein S12,RPS12,463320,353360,0,1042300,986510,504870,1.502438706,0.395863999,0.448645865
141,P26373,60S ribosomal protein L13,RPL13,628060,187250,446250,4059500,0,0,-2.016192753,0.419359665,0.473567736
142,P26599,Polypyrimidine tract-binding protein 1,PTBP1,63028,0,444070,0,0,0,-2.186718584,0.1315454,0.178708545
143,P27105,Erythrocyte band 7 integral membrane protein,STOM,0,0,0,124150,291070,205150,2.72213613,4.05e-05,1e-04
144,P27348,14-3-3 protein theta,YWHAQ,922160,224280,0,0,0,0,-3.407900956,0.089410949,0.134207015
145,P27448,MAP/microtubule affinity-regulating kinase 3,MARK3,0,0,0,326900,530720,0,2.550553488,0.088637072,0.134207015
146,P27635;Q96L21,60S ribosomal protein L10;60S ribosomal protein L10-like,RPL10;RPL10L,5493600,467110,2010600,2250900,988200,315380,-1.778087925,0.130631555,0.177851186
147,P27816,Microtubule-associated protein 4,MAP4,3079700,1116000,124510,4291400,5240300,4726400,1.687254826,0.369335867,0.422385928
148,P27824,Calnexin,CANX,0,0,0,2525000,3031500,4225000,6.838004341,1.78e-06,5.61e-06
149,P29317,Ephrin type-A receptor 2,EPHA2,0,0,0,5792100,8384700,5056400,7.847211722,4.11e-08,2.56e-07
150,P30050,60S ribosomal protein L12,RPL12,0,0,0,1545300,0,0,1.969490245,0.334547255,0.388645857
151,P30101,Protein disulfide-isomerase A3,PDIA3,447370,0,838380,9561400,12800000,10800000,5.396570463,0.01799809,0.03262478
152,P30533,Alpha-2-macroglobulin receptor-associated protein,LRPAP1,0,0,0,219650,409390,0,2.223898896,0.089397386,0.134207015
153,P31930,"Cytochrome b-c1 complex subunit 1, mitochondrial",UQCRC1,2232300,322530,1368400,674960,818030,528140,-1.332713394,0.013489594,0.024882564
154,P33176,Kinesin-1 heavy chain,KIF5B,0,0,0,701890,1066000,1195800,5.074000124,2.11e-06,6.44e-06
155,Q99877;P33778;Q99879;Q96A08,Histone H2B type 1-N;Histone H2B type 1-B;Histone H2B type 1-M;Histone H2B type 1-A,HIST1H2BN;HIST1H2BB;HIST1H2BM;HIST1H2BA,0,0,0,441770,0,0,1.382287802,0.334714804,0.388645857
156,P33981,Dual specificity protein kinase TTK,TTK,0,0,0,252540,487630,1744300,4.375923576,0.002525539,0.005027101
157,P35658,Nuclear pore complex protein Nup214,NUP214,0,0,0,33500000,50400000,45800000,10.61735101,6.98e-09,9.75e-08
158,P36578,60S ribosomal protein L4,RPL4,3712500,864480,3154200,11400000,1903400,873220,-0.762613448,0.519416677,0.577231608
159,P37108,Signal recognition particle 14 kDa protein,SRP14,258080,230040,0,632870,181160,372940,0.619986552,0.70449627,0.758781085
160,Q9UI15;P37802,Transgelin-3;Transgelin-2,TAGLN3;TAGLN2,0,0,0,2020100,3464300,2234900,6.473821479,1.72e-07,7.71e-07
161,P39023,60S ribosomal protein L3,RPL3,0,0,0,1658200,0,0,2.004356716,0.334541643,0.388645857
162,P40227,T-complex protein 1 subunit zeta,CCT6A,317970,0,0,515060,0,470570,1.448614965,0.4633452,0.520786214
163,P40429,60S ribosomal protein L13a,RPL13A,0,0,0,3284300,0,0,2.352211792,0.334498607,0.388645857
164,P42166,"Lamina-associated polypeptide 2, isoform alpha;Thymopoietin;Thymopentin",TMPO,0,0,0,23100000,29400000,24300000,9.871897885,3.98e-10,2.5e-08
165,P42677;Q71UM5,40S ribosomal protein S27;40S ribosomal protein S27-like,RPS27;RPS27L,1051800,444120,2469400,2404500,1333300,1101300,-0.286945137,0.542628952,0.598795809
166,P42694,Probable helicase with zinc finger domain,HELZ,0,0,0,1561300,1095700,1687500,5.643058175,7.84e-06,2.12e-05
167,P42766,60S ribosomal protein L35,RPL35,0,0,0,960020,0,0,1.742230723,0.334592469,0.388645857
168,P43243,Matrin-3,MATR3,0,0,0,4387100,4294900,1603000,6.803671827,3.32e-05,8.32e-05
169,P45974,Ubiquitin carboxyl-terminal hydrolase 5,USP5,361840,0,0,0,490650,461200,1.191511884,0.538390177,0.595162427
170,P46013,Antigen KI-67,MKI67,534030,67420,0,6934800,11600000,4491600,5.182026101,0.014447188,0.026570997
171,P46060,Ran GTPase-activating protein 1,RANGAP1,0,0,0,1794600,1746000,2658900,6.16008912,2.97e-06,8.77e-06
172,P46108,Adapter molecule crk,CRK,0,0,0,57300000,7.8e+07,56600000,11.20323337,6.62e-10,2.97e-08
173,P46109,Crk-like protein,CRKL,0,0,0,33500000,43600000,40200000,10.48358608,1.44e-09,3.75e-08
174,P46776,60S ribosomal protein L27a,RPL27A,841400,0,0,2232100,1096200,259170,3.202442358,0.141532798,0.191862349
175,P46777,60S ribosomal protein L5,RPL5,0,0,0,139950,0,0,0.845923132,0.335265443,0.388645857
176,P46779,60S ribosomal protein L28,RPL28,223060,35893,0,3260500,132910,81720,1.447320763,0.497306796,0.555605639
177,P46939;P11532,Utrophin;Dystrophin,UTRN;DMD,0,0,0,1051300,1440800,294520,4.733899886,0.000936,0.001976017
178,P47914,60S ribosomal protein L29,RPL29,206740,0,0,2117700,0,201550,1.936477408,0.385320452,0.438275885
179,P48634,Protein PRRC2A,PRRC2A,0,0,0,6059100,8996400,5557900,7.949255852,2.29e-08,1.91e-07
180,P48643,T-complex protein 1 subunit epsilon,CCT5,1367600,0,1991800,0,0,118080,-3.337600636,0.156365936,0.211060458
181,P48729,Casein kinase I isoform alpha,CSNK1A1,0,0,0,2496500,4342600,2548500,6.758921128,2.38e-07,9.97e-07
182,P48730,Casein kinase I isoform delta,CSNK1D,0,0,0,369420,443150,0,2.521652238,0.088690668,0.134207015
183,P49023,Paxillin,PXN,0,0,0,0,683420,550230,2.873584858,0.088357218,0.134207015
184,P49069,Calcium signal-modulating cyclophilin ligand,CAMLG,0,0,0,1690400,1737200,178020,4.811581878,0.006081207,0.01160204
185,P49207,60S ribosomal protein L34,RPL34,600430,163210,0,2511700,180380,176480,0.724163066,0.727956419,0.781373016
186,P49327,Fatty acid synthase;[Acyl-carrier-protein] S-acetyltransferase;[Acyl-carrier-protein] S-malonyltransferase;3-oxoacyl-[acyl-carrier-protein] synthase;3-oxoacyl-[acyl-carrier-protein] reductase;3-hydroxyacyl-[acyl-carrier-protein] dehydratase;Enoyl-[acyl-carrier-protein] reductase;Oleoyl-[acyl-carrier-protein] hydrolase,FASN,4212200,427520,2414200,56700000,77600000,63100000,3.126477033,4.37e-05,0.000107
187,P49411,"Elongation factor Tu, mitochondrial",TUFM,256770,91918,1520100,0,232330,0,-3.621690894,0.024481272,0.043746364
188,P49674,Casein kinase I isoform epsilon,CSNK1E,0,0,0,4028800,6088400,3290900,7.296374428,2.44e-07,1.01e-06
189,P49750,YLP motif-containing protein 1,YLPM1,0,0,0,7323200,13100000,6658100,8.306696917,2e-07,8.56e-07
190,P49757,Protein numb homolog,NUMB,0,0,0,24200000,28700000,22300000,9.842100236,2.17e-09,4.61e-08
191,P49790,Nuclear pore complex protein Nup153,NUP153,1202300,733950,448390,48800000,5e+07,44400000,4.515031162,0.010476514,0.019729723
192,P49792,E3 SUMO-protein ligase RanBP2,RANBP2,90526,0,133440,1.1e+08,1.65e+08,1.35e+08,10.41411185,0.000113,0.000263
193,P49914,5-formyltetrahydrofolate cyclo-ligase,MTHFS,0,0,0,393880,534530,402630,3.917784266,9.22e-08,4.6e-07
194,P49959,Double-strand break repair protein MRE11A,MRE11,0,0,0,5216200,9791700,6433000,7.988400979,4.93e-08,2.74e-07
195,P50402,Emerin,EMD,0,0,0,99200000,1.35e+08,1.08e+08,12.11347446,1.19e-10,2.5e-08
196,P50454,Serpin H1,SERPINH1,0,0,0,1246800,1475900,1709900,5.684856589,2.98e-07,1.2e-06
197,P50747,Biotin--protein ligase;Biotin--[methylmalonyl-CoA-carboxytransferase] ligase;Biotin--[propionyl-CoA-carboxylase [ATP-hydrolyzing]] ligase;Biotin--[methylcrotonoyl-CoA-carboxylase] ligase;Biotin--[acetyl-CoA-carboxylase] ligase,HLCS,6103800,125480,1.7e+07,0,82873,0,-6.685900243,0.006941299,0.013150835
198,P50851,Lipopolysaccharide-responsive and beige-like anchor protein,LRBA,0,0,0,1.1e+07,14600000,1.3e+07,8.876264083,2.37e-09,4.81e-08
199,P50914,60S ribosomal protein L14,RPL14,0,0,0,1766300,0,0,2.035686455,0.334536844,0.388645857
200,P50990,T-complex protein 1 subunit theta,CCT8,1422100,0,0,65200000,7.3e+07,54600000,8.726062892,0.014539072,0.02666203
201,P50991,T-complex protein 1 subunit delta,CCT4,0,45906,0,0,0,0,-0.760394876,0.335474276,0.388645857
202,P51610,Host cell factor 1;HCF N-terminal chain 1;HCF N-terminal chain 2;HCF N-terminal chain 3;HCF N-terminal chain 4;HCF N-terminal chain 5;HCF N-terminal chain 6;HCF C-terminal chain 1;HCF C-terminal chain 2;HCF C-terminal chain 3;HCF C-terminal chain 4;HCF C-terminal chain 5;HCF C-terminal chain 6,HCFC1,58383,0,0,2026600,2722600,1906400,5.837015861,4.9e-05,0.000118
203,P51617,Interleukin-1 receptor-associated kinase 1,IRAK1,0,0,0,4359000,8072500,8131800,7.921507366,6.65e-07,2.34e-06
204,P51648,Fatty aldehyde dehydrogenase,ALDH3A2,0,0,0,18900000,23300000,19600000,9.559349773,7.32e-10,3.07e-08
205,P51991,Heterogeneous nuclear ribonucleoprotein A3,HNRNPA3,0,0,0,3423200,610820,2133400,5.854575411,0.000913,0.001933098
206,P52272,Heterogeneous nuclear ribonucleoprotein M,HNRNPM,3524500,116230,1055300,15100000,1.7e+07,11800000,3.115274154,0.013140308,0.02430957
207,P52597;P55795;P31943,"Heterogeneous nuclear ribonucleoprotein F;Heterogeneous nuclear ribonucleoprotein F, N-terminally processed;Heterogeneous nuclear ribonucleoprotein H2;Heterogeneous nuclear ribonucleoprotein H;Heterogeneous nuclear ribonucleoprotein H, N-terminally processed",HNRNPF;HNRNPH2;HNRNPH1,0,0,1025400,0,0,0,-1.698718789,0.334603256,0.388645857
208,P52655,Transcription initiation factor IIA subunit 1;Transcription initiation factor IIA alpha chain;Transcription initiation factor IIA beta chain,GTF2A1,0,0,0,1620200,2146100,1860300,6.035979206,4.7e-09,7.38e-08
209,P52926,High mobility group protein HMGI-C,HMGA2,0,0,0,406470,0,0,1.343517137,0.334734129,0.388645857
210,P54764,Ephrin type-A receptor 4,EPHA4,0,0,0,0,217080,0,0.848313996,0.335260494,0.388645857
211,P55010,Eukaryotic translation initiation factor 5,EIF5,0,0,0,2224800,1773100,0,4.072833785,0.089272799,0.134207015
212,P55011,Solute carrier family 12 member 2,SLC12A2,0,0,0,287670,446180,196790,3.323050008,7.96e-05,0.000189
213,P55081,Microfibrillar-associated protein 1,MFAP1,0,0,0,586770,789500,0,3.037837973,0.088314729,0.134207015
214,P55196,Afadin,AFDN,0,0,0,97100000,1.25e+08,1.06e+08,12.05219134,1.34e-10,2.5e-08
215,P55209,Nucleosome assembly protein 1-like 1,NAP1L1,0,0,0,1260000,2699200,2971600,6.255708725,1.11e-05,2.96e-05
216,P55265,Double-stranded RNA-specific adenosine deaminase,ADAR,1840000,133090,615460,1084000,1651100,0,-1.271101543,0.518071854,0.5767561
217,P61956;P55854,Small ubiquitin-related modifier 2;Small ubiquitin-related modifier 3,SUMO2;SUMO3,0,0,0,308490,427920,117760,3.08509751,0.001888821,0.003832479
218,P56270,Myc-associated zinc finger protein,MAZ,115530,33289,136270,139080,0,0,-1.828920699,0.090893781,0.134207015
219,P57740,Nuclear pore complex protein Nup107,NUP107,0,0,0,1699700,1241500,1685900,5.744533369,3.9e-06,1.11e-05
220,P58876,Histone H2B type 1-D,H2BC5,90803,0,0,2990200,51436,0,1.63489148,0.49631211,0.555480992
221,P60468,Protein transport protein Sec61 subunit beta,SEC61B,0,0,0,230620,0,0,1.078738942,0.334926612,0.388645857
222,P60709;P63267;P68133;P68032;P62736,"Actin, cytoplasmic 1;Actin, cytoplasmic 1, N-terminally processed;Actin, gamma-enteric smooth muscle;Actin, alpha skeletal muscle;Actin, alpha cardiac muscle 1;Actin, aortic smooth muscle",ACTB;ACTG2;ACTA1;ACTC1;ACTA2,1848600,0,3381000,1572600,1103400,0,-0.727446955,0.797410407,0.847248557
223,P60842;Q14240;P38919,"Eukaryotic initiation factor 4A-I;Eukaryotic initiation factor 4A-II;Eukaryotic initiation factor 4A-II, N-terminally processed;Eukaryotic initiation factor 4A-III;Eukaryotic initiation factor 4A-III, N-terminally processed",EIF4A1;EIF4A2;EIF4A3,4447400,0,4384600,560460,622020,512610,-0.603675167,0.802845832,0.851585208
224,P60866,40S ribosomal protein S20,RPS20,1058900,219370,471000,0,0,0,-4.878311879,9.87e-05,0.000231
225,P61221,ATP-binding cassette sub-family E member 1,ABCE1,0,0,0,147290,154240,0,1.543562466,0.094477396,0.135022324
226,P61247,40S ribosomal protein S3a,RPS3A,0,0,0,67599,0,0,0.505712496,0.336841064,0.388811462
227,P61313,60S ribosomal protein L15,RPL15,717370,265980,1162600,4370000,578470,1208200,0.510549934,0.591681169,0.646124054
228,P61353,60S ribosomal protein L27,RPL27,0,0,0,1270200,0,0,1.874120988,0.334564236,0.388645857
229,P61978,Heterogeneous nuclear ribonucleoprotein K,HNRNPK,38081,0,0,10700000,13800000,8868300,8.266514624,4.58e-06,1.29e-05
230,P62081,40S ribosomal protein S7,RPS7,0,0,0,4096700,1048100,1231900,5.93761648,0.000398,0.000885
231,P62136,Serine/threonine-protein phosphatase PP1-alpha catalytic subunit,PPP1CA,0,0,0,0,0,0,0,1,1
232,P62241,40S ribosomal protein S8,RPS8,3142200,547270,5095100,3627400,1550800,173210,-1.923394238,0.187943764,0.252599631
233,P62249,40S ribosomal protein S16,RPS16,1973700,1141400,0,2830700,1507100,2112500,1.395371887,0.569623166,0.627483312
234,P62258,14-3-3 protein epsilon,YWHAE,0,0,0,1117500,1560200,1670600,5.647393623,3.9e-07,1.49e-06
235,P62263,40S ribosomal protein S14,RPS14,744810,97103,0,2320400,204980,240380,1.044886859,0.601898399,0.655007082
236,P62266,40S ribosomal protein S23,RPS23,574120,0,951710,396460,176440,0,-1.283993771,0.534332971,0.591717322
237,P62280,40S ribosomal protein S11,RPS11,2181600,811320,221540,5577900,2988300,3151000,1.439854664,0.333415803,0.388645857
238,P62304,Small nuclear ribonucleoprotein E,SNRPE,0,0,0,3077100,3056500,2393000,6.656100256,2.19e-07,9.23e-07
239,P62424,60S ribosomal protein L7a,RPL7A,192300,0,0,263410,0,0,-0.061688717,0.969742854,1
240,P62633,Cellular nucleic acid-binding protein,CNBP,2607300,1525200,1037700,1131400,2896400,601780,-1.219642771,0.272059792,0.359507582
241,P62753,40S ribosomal protein S6,RPS6,649620,260800,2552300,6336600,1050700,0,-1.230644048,0.600984904,0.655007082
242,P62805,Histone H4,H4C1,1031900,0,0,83200000,0,0,1.767971593,0.689233864,0.743615953
243,Q16778;P62807,Histone H2B type 2-E;Histone H2B type 1-C/E/F/G/I,HIST2H2BE;HIST1H2BC,321440,96199,0,8318700,136720,0,0.897040247,0.74811355,0.797565123
244,P62826,GTP-binding nuclear protein Ran,RAN,0,0,176970,1441400,2299900,1104600,4.885850982,0.002668297,0.005261313
245,P62829,60S ribosomal protein L23,RPL23,60746,0,605310,217260,57037,0,-1.106551799,0.525027895,0.582438352
246,P62847,40S ribosomal protein S24,RPS24,0,0,0,1108500,0,0,1.809404436,0.334577319,0.388645857
247,P62857,40S ribosomal protein S28,RPS28,1326900,1288700,0,1511400,2063200,1540000,1.273763926,0.590741969,0.646124054
248,P62910,60S ribosomal protein L32,RPL32,64639,66828,58785,1621400,0,0,-0.235778667,0.907311784,0.954346341
249,P62913,60S ribosomal protein L11,RPL11,1016700,0,1177000,509440,0,0,-2.13343437,0.366248909,0.420384241
250,P62917,60S ribosomal protein L8,RPL8,866970,356980,0,3127400,752800,813730,1.82031348,0.367886834,0.421495116
251,P62979;P62987;P0CG47;P0CG48,Ubiquitin-40S ribosomal protein S27a;Ubiquitin;40S ribosomal protein S27a;Ubiquitin-60S ribosomal protein L40;Ubiquitin;60S ribosomal protein L40;Polyubiquitin-B;Ubiquitin;Polyubiquitin-C;Ubiquitin,RPS27A;UBA52;UBB;UBC,0,0,2235800,356200,0,0,-0.81563266,0.734602608,0.785824899
252,P63104,14-3-3 protein zeta/delta,YWHAZ,688390,0,0,0,0,0,-1.619397402,0.334625201,0.388645857
253,P63151,Serine/threonine-protein phosphatase 2A 55 kDa regulatory subunit B alpha isoform,PPP2R2A,5399700,79129,21800000,0,191080,0,-6.15682857,0.021583808,0.039012112
254,Q9GZV4;P63241,Eukaryotic translation initiation factor 5A-2;Eukaryotic translation initiation factor 5A-1,EIF5A2;EIF5A,84480,0,0,0,248650,0,0.034846097,0.977372641,1
255,P63244,"Guanine nucleotide-binding protein subunit beta-2-like 1;Guanine nucleotide-binding protein subunit beta-2-like 1, N-terminally processed",RACK1,0,0,0,0,0,0,0,1,1
256,P63261,"Actin, cytoplasmic 2;Actin, cytoplasmic 2, N-terminally processed",ACTG1,24700000,2352200,43100000,5735900,7057900,5966500,-3.206213288,0.00029,0.000659
257,P67870,Casein kinase II subunit beta,CSNK2B,0,0,0,884350,0,530060,3.114896118,0.091545415,0.134512285
258,Q5VTE0;P68104;Q05639,Putative elongation factor 1-alpha-like 3;Elongation factor 1-alpha 1;Elongation factor 1-alpha 2,EEF1A1P5;EEF1A1;EEF1A2,4837500,1891700,27500000,7848300,1.1e+07,9593700,-1.302610741,0.081325129,0.134207015
259,P68363;Q71U36;P0DPH8;P0DPH7;Q9BQE3;P68366;Q6PEY2,Tubulin alpha-1B chain;Tubulin alpha-1A chain;Tubulin alpha-1C chain;Tubulin alpha-4A chain;Tubulin alpha-3E chain,TUBA1B;TUBA1A;TUBA1C;TUBA4A;TUBA3E,26100000,907190,52600000,9469300,13800000,13400000,-2.122163606,0.057602847,0.100644975
260,P68371;P04350,Tubulin beta-4B chain;Tubulin beta-4A chain,TUBB4B;TUBB4A,7519300,656980,3649200,1648600,2314400,1267500,-1.637862112,0.027429373,0.048875569
261,Q71DI3;P84243;P68431;Q6NXT2;Q16695;Q5TEC6,Histone H3.2;Histone H3.3;Histone H3.1;Histone H3.3C;Histone H3.1t;Histone H3,HIST2H3A;H3F3A;HIST1H3A;H3F3C;HIST3H3;HIST2H3PS2,8584200,1734800,6838500,33100000,3778200,3761100,-0.795064896,0.514628369,0.573938376
262,P78310,Coxsackievirus and adenovirus receptor,CXADR,0,0,0,0,2758900,0,2.133753026,0.334523165,0.388645857
263,P78312;Q96CN5,Protein FAM193A;Leucine-rich repeat-containing protein 45,FAM193A;LRRC45,0,0,0,478370,1040000,1308000,4.918698901,5.94e-05,0.000143
264,P81408,Protein FAM189B,ENTREP3,0,0,0,92271,104330,0,1.118273245,0.09886594,0.138809545
265,P83731,60S ribosomal protein L24,RPL24,0,0,0,1748100,368400,45660,3.397580187,0.072638568,0.126214529
266,Q969Q0;P83881;H7BZ11,60S ribosomal protein L36a-like;60S ribosomal protein L36a,RPL36AL;RPL36A;RPL36A-HNRNPH2,1669000,143400,374760,1332500,280460,578710,-0.435242545,0.682741248,0.739146721
267,P84098,60S ribosomal protein L19,RPL19,0,0,0,3629300,0,0,2.404460311,0.334493702,0.388645857
268,P98175,RNA-binding protein 10,RBM10,0,0,0,6627700,6678100,4434100,7.737424701,4.9e-07,1.84e-06
269,Q00341,Vigilin,HDLBP,0,0,0,2210600,4667300,4468300,7.015992395,2.79e-06,8.27e-06
270,Q00839,Heterogeneous nuclear ribonucleoprotein U,HNRNPU,1490100,314400,2037500,7875100,3744000,3231600,1.206216759,0.045480594,0.080357567
271,Q01469,"Fatty acid-binding protein, epidermal",FABP5,2476500,0,0,0,0,0,-2.344575982,0.334499351,0.388645857
272,Q01973,Tyrosine-protein kinase transmembrane receptor ROR1,ROR1,0,0,0,3923800,4009300,3238700,7.066171913,1.02e-07,5.06e-07
273,Q01974,Tyrosine-protein kinase transmembrane receptor ROR2,ROR2,0,0,0,6432200,7788900,5409600,7.895129419,3.19e-08,2.31e-07
274,Q02543,60S ribosomal protein L18a,RPL18A,2737900,491190,1078900,4647300,1568400,1342500,0.025955829,0.975105828,1
275,Q02878,60S ribosomal protein L6,RPL6,0,0,0,507590,0,0,1.446628035,0.334686093,0.388645857
276,Q02978,Mitochondrial 2-oxoglutarate/malate carrier protein,SLC25A11,0,0,0,692310,0,0,1.589792124,0.334634245,0.388645857
277,Q03001,Dystonin,DST,0,0,0,37800000,48500000,37900000,10.56458273,3.44e-10,2.5e-08
278,Q04637,Eukaryotic translation initiation factor 4 gamma 1,EIF4G1,0,0,0,6114200,11100000,4899500,7.994997018,7.81e-07,2.65e-06
279,Q04941,Proteolipid protein 2,PLP2,0,0,0,816240,0,0,1.666279945,0.334611852,0.388645857
280,Q05682,Caldesmon,CALD1,0,0,0,627970,1242600,0,3.291465142,0.089709572,0.134207015
281,Q06830,Peroxiredoxin-1,PRDX1,9557500,662580,20800000,0,2616200,0,-6.669633625,0.023985721,0.043105767
282,Q07157,Tight junction protein ZO-1,TJP1,0,0,0,15700000,22600000,20500000,9.478059685,6.43e-09,9.19e-08
283,Q07617,Sperm-associated antigen 1,SPAG1,0,0,0,0,0,0,0,1,1
284,Q07666,"KH domain-containing, RNA-binding, signal transduction-associated protein 1",KHDRBS1,169560,42745,176660,875000,843500,536720,1.693607318,0.004841699,0.009341806
285,Q08211,ATP-dependent RNA helicase A,DHX9,1263900,31529,787230,2453700,2986200,1866400,2.176629024,0.083915272,0.134207015
286,Q08379,Golgin subfamily A member 2,GOLGA2,0,0,0,1801000,2699100,505320,5.564730511,0.000518,0.001134981
287,Q09666,Neuroblast differentiation-associated protein AHNAK,AHNAK,1024400,0,1329500,4.33e+08,5.49e+08,5.14e+08,9.003430233,0.016127561,0.029489058
288,Q12792,Twinfilin-1,TWF1,0,0,0,258510,521860,0,2.425314894,0.090047742,0.134207015
289,Q14839;Q8TDI0;Q12873,Chromodomain-helicase-DNA-binding protein 4;Chromodomain-helicase-DNA-binding protein 5;Chromodomain-helicase-DNA-binding protein 3,CHD4;CHD5;CHD3,0,0,0,0,210680,0,0.83266064,0.335293675,0.388645857
290,Q12923,Tyrosine-protein phosphatase non-receptor type 13,PTPN13,0,0,0,4861300,5322900,6505600,7.66203458,3.61e-07,1.41e-06
291,Q12929,Epidermal growth factor receptor kinase substrate 8,EPS8,0,0,0,0,0,0,0,1,1
292,Q12955,Ankyrin-3,ANK3,0,0,0,1051500,2439000,2932100,6.109713534,2.87e-05,7.25e-05
293,Q12986,Transcriptional repressor NF-X1,NFX1,0,0,0,294290,318960,263560,3.312872765,4.48e-06,1.26e-05
294,Q13049,E3 ubiquitin-protein ligase TRIM32,TRIM32,0,0,0,0,0,1095800,1.762168695,0.334587791,0.388645857
295,Q13085,Acetyl-CoA carboxylase 1;Biotin carboxylase,ACACA,2.12e+10,3.26e+09,4.79e+10,4.62e+09,5.95e+09,5.14e+09,0.147608954,0.479655961,0.537796078
296,Q13162,Peroxiredoxin-4,PRDX4,0,0,0,3730300,6129100,3445000,7.284107046,1.4e-07,6.52e-07
297,Q13185,Chromobox protein homolog 3,CBX3,74617,36241,0,0,0,0,-1.560111756,0.098289276,0.138308624
298,Q13263,Transcription intermediary factor 1-beta,TRIM28,11900000,2416400,11100000,8223600,10400000,10600000,-1.435343932,0.004410454,0.008535926
299,Q13283,Ras GTPase-activating protein-binding protein 1,G3BP1,0,0,0,363660,471860,375220,3.782426333,9.15e-08,4.6e-07
300,Q13325,Interferon-induced protein with tetratricopeptide repeats 5,IFIT5,0,0,0,0,4105300,999410,4.055320236,0.095856847,0.135963031
301,Q13370,"cGMP-inhibited 3,5-cyclic phosphodiesterase B",PDE3B,0,0,0,1463600,1411100,1501300,5.677720447,1.84e-07,8.13e-07
302,Q13428,Treacle protein,TCOF1,0,0,0,691680,1144900,642970,4.79867344,2.66e-06,7.92e-06
303,Q13442,28 kDa heat- and acid-stable phosphoprotein,PDAP1,0,0,0,1436700,2436400,1802000,6.023657778,1.96e-07,8.49e-07
304,Q13492,Phosphatidylinositol-binding clathrin assembly protein,PICALM,0,0,0,1688600,1566700,1445600,5.779654608,2.91e-07,1.18e-06
305,Q13501,Sequestosome-1,SQSTM1,0,0,0,9306000,9815500,9729400,8.46588052,3.93e-08,2.48e-07
306,Q13573,SNW domain-containing protein 1,SNW1,0,0,0,0,3063200,0,2.182946553,0.334516987,0.388645857
307,Q13596,Sorting nexin-1,SNX1,0,0,0,574040,717030,0,2.979989828,0.088338443,0.134207015
308,Q13625,Apoptosis-stimulating of p53 protein 2,TP53BP2,0,0,0,2392600,5052400,3331000,6.948088821,6.48e-07,2.31e-06
309,Q13642,Four and a half LIM domains protein 1,FHL1,199070,0,0,141710,988490,526950,2.672133313,0.092169785,0.134512285
310,Q14008,Cytoskeleton-associated protein 5,CKAP5,0,0,0,1446500,1506300,1417400,5.675789649,4.5e-08,2.63e-07
311,Q14157,Ubiquitin-associated protein 2-like,UBAP2L,0,0,0,1791800,2774100,551960,5.618344704,0.000394,0.00088
312,Q14160,Protein scribble homolog,SCRIB,0,0,0,22600000,30700000,2.4e+07,9.876683033,2.99e-10,2.5e-08
313,Q14241,Transcription elongation factor B polypeptide 3,ELOA,0,0,0,0,0,0,0,1,1
314,Q14247,Src substrate cortactin,CTTN,545830,45418,66360,25900000,42300000,30500000,7.113516147,0.001038247,0.002176858
315,Q14318,Peptidyl-prolyl cis-trans isomerase FKBP8,FKBP8,0,0,0,610590,229330,0,2.443836012,0.111802219,0.153544969
316,Q14457,Beclin-1,BECN1,0,787200,0,0,601010,686480,0.687161129,0.794956299,0.84607024
317,Q14596,Next to BRCA1 gene 1 protein,NBR1,0,0,0,1187600,1618300,1730800,5.711884379,2.84e-07,1.17e-06
318,Q14676,Mediator of DNA damage checkpoint protein 1,MDC1,0,0,0,1983400,0,0,2.093820342,0.334528504,0.388645857
319,Q14677,Clathrin interactor 1,CLINT1,0,0,0,7564500,8164800,7229400,8.136004848,2.95e-08,2.18e-07
320,Q14689,Disco-interacting protein 2 homolog A,DIP2A,0,0,0,0,0,930090,1.680931835,0.334607908,0.388645857
321,Q14739,Lamin-B receptor,LBR,0,0,0,1726800,3309300,1813400,6.268142017,1.23e-06,3.97e-06
322,Q14789,Golgin subfamily B member 1,GOLGB1,0,0,0,31300000,41100000,29900000,10.27958126,9.93e-10,3.33e-08
323,Q14847,LIM and SH3 domain protein 1,LASP1,0,0,0,229390,98722,0,1.541988798,0.143673832,0.194345893
324,Q14966,Zinc finger protein 638,ZNF638,0,0,0,584790,691570,112850,3.613314104,0.006251231,0.011879228
325,Q14980,Nuclear mitotic apparatus protein 1,NUMA1,0,0,0,280990,459990,574840,3.852844144,2.79e-05,7.1e-05
326,Q14C86,GTPase-activating protein and VPS9 domain-containing protein 1,GAPVD1,0,0,0,316160,146770,395610,3.166601462,0.002573324,0.005106059
327,Q15032,R3H domain-containing protein 1,R3HDM1,0,0,0,881110,1248100,933450,5.141051363,4.71e-08,2.69e-07
328,Q15056,Eukaryotic translation initiation factor 4H,EIF4H,0,0,0,2002700,2340200,2316300,6.291251754,1.99e-08,1.74e-07
329,Q15058,Kinesin-like protein KIF14,KIF14,0,0,0,79710,168200,0,1.282533024,0.092134465,0.134512285
330,Q15084,Protein disulfide-isomerase A6,PDIA6,0,0,0,3291000,3257900,2355400,6.71382831,4.4e-07,1.67e-06
331,Q15154,Pericentriolar material 1 protein,PCM1,0,0,0,398580,530840,0,2.649533148,0.088368524,0.134207015
332,Q15181,Inorganic pyrophosphatase,PPA1,1651700,0,5536000,0,0,0,-4.741249745,0.090791387,0.134207015
333,Q15208,Serine/threonine-protein kinase 38,STK38,0,0,0,1280200,1617100,1577700,5.703002214,2.34e-08,1.91e-07
334,Q15233,Non-POU domain-containing octamer-binding protein,NONO,10900000,83741,3896900,23100000,2.5e+07,24900000,2.446836494,0.094349626,0.135022324
335,Q15365,Poly(rC)-binding protein 1,PCBP1,7392900,197920,11800000,5377300,8084500,6615200,0.15648745,0.869257459,0.918929313
336,Q15366;P57721,Poly(rC)-binding protein 2;Poly(rC)-binding protein 3,PCBP2;PCBP3,2233900,0,5614100,1036200,958210,0,-1.335677291,0.646145909,0.700734097
337,Q15398,Disks large-associated protein 5,DLGAP5,15942,0,0,260300,326960,0,2.072415889,0.101994901,0.141622059
338,Q15417,Calponin-3,CNN3,0,0,0,1944600,4042500,2280600,6.542133778,1.18e-06,3.86e-06
339,Q15637,Splicing factor 1,SF1,0,0,0,4508900,8092600,4464400,7.645754024,1.34e-07,6.31e-07
340,Q15643,Thyroid receptor-interacting protein 11,TRIP11,0,0,0,3459800,4115900,2805500,6.944139362,7.74e-08,4.06e-07
341,Q15652,Probable JmjC domain-containing histone demethylation protein 2C,JMJD1C,0,0,0,15900000,26900000,18500000,9.517237048,9.65e-09,1.19e-07
342,Q15654,Thyroid receptor-interacting protein 6,TRIP6,335630,0,250990,33800000,47900000,45400000,7.999262094,0.001753379,0.003580764
343,Q15678,Tyrosine-protein phosphatase non-receptor type 14,PTPN14,0,0,0,3810200,6328900,3433100,7.308992507,2.03e-07,8.61e-07
344,Q15738,"Sterol-4-alpha-carboxylate 3-dehydrogenase, decarboxylating",NSDHL,0,0,0,871960,863900,0,3.274358023,0.088769505,0.134207015
345,Q15772,Striated muscle preferentially expressed protein kinase,SPEG,0,0,0,0,0,168430,0.853262901,0.335250381,0.388645857
346,Q15811,Intersectin-1,ITSN1,0,0,0,9067600,10400000,10900000,8.537634366,3.51e-08,2.4e-07
347,Q15836,Vesicle-associated membrane protein 3,VAMP3,0,0,0,1198700,1993300,0,3.830846379,0.088698848,0.134207015
348,Q15942,Zyxin,ZYX,0,0,0,7476800,10500000,9141500,8.363051008,3.01e-09,5.41e-08
349,Q16527,Cysteine and glycine-rich protein 2,CSRP2,8495200,3837900,9205600,4236200,6691000,2829200,-2.029015369,0.024380911,0.043691149
350,Q16625,Occludin,OCLN,0,0,0,1201900,1054400,1472700,5.431543643,2.53e-06,7.58e-06
351,Q16630,Cleavage and polyadenylation specificity factor subunit 6,CPSF6,0,0,0,2279200,4328600,483500,5.88724073,0.001212474,0.002500479
352,Q17RY0,Cytoplasmic polyadenylation element-binding protein 4,CPEB4,0,0,0,1159600,1991800,1277500,5.653652769,5.6e-07,2.06e-06
353,Q27J81,Inverted formin-2,INF2,0,0,0,0,0,0,0,1,1
354,Q2KJY2,Kinesin-like protein KIF26B,KIF26B,0,0,0,0,532300,607970,2.797437613,0.089246704,0.134207015
355,Q2M1P5,Kinesin-like protein KIF7,KIF7,0,0,0,0,0,0,0,1,1
356,Q3V6T2,Girdin,CCDC88A,0,0,0,2554700,3996500,2922400,6.797537406,1.81e-08,1.69e-07
357,Q3YEC7,Rab-like protein 6,RABL6,0,0,0,532600,3672600,3533000,6.068345609,0.000821,0.001743748
358,Q4KWH8,"1-phosphatidylinositol 4,5-bisphosphate phosphodiesterase eta-1",PLCH1,0,0,0,96411,207680,0,1.481099808,0.09204124,0.134512285
359,Q4VCS5,Angiomotin,AMOT,0,0,0,6409100,1.3e+07,7554700,8.300780076,1.41e-07,6.54e-07
360,Q53EZ4,Centrosomal protein of 55 kDa,CEP55,0,29044,0,1347100,3001600,1737200,5.396819085,0.000624,0.001343913
361,Q53GG5,PDZ and LIM domain protein 3,PDLIM3,0,0,0,231630,413820,0,2.255571089,0.089091057,0.134207015
362,Q587I9,Vesicle transport protein SFT2C,SFT2D3,0,0,0,0,506840,875190,2.957260742,0.092779533,0.134972939
363,Q5HYI8,Rab-like protein 3,RABL3,0,0,0,2739400,3717800,2991800,6.808077642,1.82e-09,4.25e-08
364,Q5JRA6,Melanoma inhibitory activity protein 3,MIA3,0,0,0,13800000,19100000,15100000,9.185492295,4.37e-10,2.5e-08
365,Q5JSZ5,Protein PRRC2B,PRRC2B,0,0,0,1687800,1960900,2242500,6.103287033,1.94e-07,8.49e-07
366,Q5JTV8,Torsin-1A-interacting protein 1,TOR1AIP1,0,0,0,4022100,6466600,4590600,7.49153903,7.95e-09,1.04e-07
367,Q5SNT2,Transmembrane protein 201,TMEM201,0,0,0,12800000,19900000,15100000,9.17064014,2.52e-09,4.96e-08
368,Q5SW79,Centrosomal protein of 170 kDa,CEP170,0,0,0,1933500,2134900,2181700,6.198608099,3.72e-08,2.46e-07
369,Q5SWA1,Protein phosphatase 1 regulatory subunit 15B,PPP1R15B,0,0,0,1125100,0,1155300,3.604936759,0.088286459,0.134207015
370,Q5SYE7,NHS-like protein 1,NHSL1,0,0,0,0,1332300,1152500,3.577097456,0.088267242,0.134207015
371,Q5T0W9,Protein FAM83B,FAM83B,0,0,0,7584600,8468600,9231500,8.272004152,7.62e-08,4.06e-07
372,Q5T0Z8,Uncharacterized protein C6orf132,C6orf132,0,0,0,580350,845860,740310,4.633637426,5.69e-08,3.06e-07
373,Q5T2T1,MAGUK p55 subfamily member 7,MPP7,0,0,0,132710,241390,0,1.713409802,0.089301771,0.134207015
374,Q5T481,RNA-binding protein 20,RBM20,0,0,0,274750,0,192000,2.080339962,0.093343766,0.134972939
375,Q5T5P2,Sickle tail protein homolog,KIAA1217,0,0,0,6920100,11300000,10100000,8.408297104,3.92e-08,2.48e-07
376,Q5T5U3,Rho GTPase-activating protein 21,ARHGAP21,0,0,0,7349700,9013200,6800100,8.140239176,7.53e-09,1.03e-07
377,Q5T5Y3,Calmodulin-regulated spectrin-associated protein 1,CAMSAP1,0,0,0,1314400,3338400,1292400,5.971656492,2.04e-05,5.25e-05
378,Q5T6F2,Ubiquitin-associated protein 2,UBAP2,0,0,0,4418900,4477600,4185500,7.309158564,7.88e-08,4.09e-07
379,Q5VT52,Regulation of nuclear pre-mRNA domain-containing protein 2,RPRD2,0,0,0,0,1803500,1813000,3.945252395,0.088376799,0.134207015
380,Q5VUA4,Zinc finger protein 318,ZNF318,0,0,0,11500000,19600000,14500000,9.091439474,1.21e-08,1.44e-07
381,Q5VV42,Threonylcarbamoyladenosine tRNA methylthiotransferase,CDKAL1,0,0,0,4853100,5667000,4500800,7.509519421,1.31e-08,1.48e-07
382,Q66PJ3,ADP-ribosylation factor-like protein 6-interacting protein 4,ARL6IP4,772140,226200,0,0,374300,0,-2.247327241,0.296382572,0.388645857
383,Q68DQ2,Very large A-kinase anchor protein,CRYBG3,0,0,0,371420,668030,376960,3.966209702,4.22e-06,1.2e-05
384,Q68DV7,E3 ubiquitin-protein ligase RNF43,RNF43,0,0,0,5.26e+09,6.27e+09,5.71e+09,18.29005569,6.09e-11,2.5e-08
385,Q6IQ23,Pleckstrin homology domain-containing family A member 7,PLEKHA7,0,0,0,1437300,504630,1474300,5.160980579,0.000371,0.000834
386,Q6NSI4,Uncharacterized protein CXorf57,RADX,0,0,0,136100,247470,125510,2.446656186,4.18e-05,0.000102
387,Q6NXT4,Zinc transporter 6,SLC30A6,0,0,0,1062900,1151200,0,3.508856746,0.088415174,0.134207015
388,Q6NZ36,Fanconi anemia-associated protein of 20 kDa,FAAP20,0,0,0,252430,240310,346940,3.233590899,7.61e-05,0.000181
389,Q6P0N0,Mis18-binding protein 1,MIS18BP1,0,0,0,2867600,4352500,627160,6.129418379,0.000664,0.001420764
390,Q6P1N0,Coiled-coil and C2 domain-containing protein 1A,CC2D1A,0,0,0,150630,0,0,0.880194556,0.335198294,0.388645857
391,Q6P3W7,SCY1-like protein 2,SCYL2,0,0,0,0,1329400,0,1.78840074,0.334581873,0.388645857
392,Q6P995,Protein FAM171B,FAM171B,0,0,0,777880,1060700,1414100,5.203451541,4.79e-06,1.33e-05
393,Q6PKG0,La-related protein 1,LARP1,0,0,0,1.3e+07,17100000,6606700,8.706277914,3.16e-06,9.18e-06
394,Q6T4R5,Nance-Horan syndrome protein,NHS,0,0,0,230650,222520,272770,3.033765102,4.46e-05,0.000108
395,Q6UN15;A0A0B4J203,Pre-mRNA 3-end-processing factor FIP1,FIP1L1,0,0,0,1283600,1624700,978600,5.474864968,1.2e-06,3.89e-06
396,Q6XZF7,Dynamin-binding protein,DNMBP,0,0,0,2322300,1908600,3990100,6.535315542,1.77e-05,4.59e-05
397,Q6Y7W6,PERQ amino acid-rich with GYF domain-containing protein 2,GIGYF2,0,0,0,1.33e+08,1.64e+08,1.51e+08,12.55630016,4.35e-10,2.5e-08
398,Q70E73,Ras-associated and pleckstrin homology domains-containing protein 1,RAPH1,0,0,0,0,479960,561580,2.704503333,0.089555117,0.134207015
399,Q70EL1,Inactive ubiquitin carboxyl-terminal hydrolase 54,USP54,0,0,0,97100000,1.19e+08,1.08e+08,12.03480249,3.57e-10,2.5e-08
400,Q76G19,PDZ domain-containing protein 4,PDZD4,0,0,0,559050,931700,811600,4.707555256,6.1e-07,2.23e-06
401,Q7LBC6,Lysine-specific demethylase 3B,KDM3B,0,0,0,0,0,0,0,1,1
402,Q7Z2W4,Zinc finger CCCH-type antiviral protein 1,ZC3HAV1,0,0,0,1.7e+08,2.37e+08,1.65e+08,12.93019133,6.47e-10,2.97e-08
403,Q7Z3G6,Prickle-like protein 2,PRICKLE2,0,0,0,205190,381360,0,2.155012305,0.089385427,0.134207015
404,Q7Z3T8,Zinc finger FYVE domain-containing protein 16,ZFYVE16,0,0,0,1.6e+07,2e+07,26700000,9.555840317,3.39e-07,1.34e-06
405,Q7Z3U7,Protein MON2 homolog,MON2,0,0,0,81959,212960,0,1.413165939,0.097981411,0.138184547
406,Q7Z417,Nuclear fragile X mental retardation-interacting protein 2,NUFIP2,0,0,0,1687700,1637200,1768200,5.898913749,1.73e-07,7.73e-07
407,Q7Z4H7,HAUS augmin-like complex subunit 6,HAUS6,0,0,0,970760,967790,643380,4.882634106,5.07e-06,1.4e-05
408,Q7Z6J0,E3 ubiquitin-protein ligase SH3RF1,SH3RF1,0,0,0,2232400,4001400,3712400,6.85061039,6.12e-07,2.23e-06
409,Q7Z739,YTH domain-containing family protein 3,YTHDF3,0,0,0,0,269530,0,0.961600442,0.335066531,0.388645857
410,Q7Z7G8,Vacuolar protein sorting-associated protein 13B,VPS13B,0,0,0,2959600,4509400,2311000,6.814180798,7.34e-07,2.54e-06
411,Q86T24,Transcriptional regulator Kaiso,ZBTB33,0,0,0,16300000,21900000,12900000,9.255771178,4.84e-08,2.73e-07
412,Q86TG7,Retrotransposon-derived protein PEG10,PEG10,0,0,0,107930,163320,0,1.418051919,0.088979399,0.134207015
413,Q86TX2,Acyl-coenzyme A thioesterase 1,ACOT1,0,0,0,1050400,1660400,0,3.679467979,0.08859257,0.134207015
414,Q86UE4,Protein LYRIC,MTDH,0,0,0,1108600,1339900,1684000,5.573545092,1.03e-06,3.38e-06
415,Q86XL3,Ankyrin repeat and LEM domain-containing protein 2,ANKLE2,0,0,0,1176100,5032000,883160,5.931792849,0.000379,0.000849
416,Q86YQ8,Copine-8,CPNE8,0,0,0,800290,1116000,0,3.356805082,0.088343661,0.134207015
417,Q86YZ3,Hornerin,HRNR,6891300,1158300,2190900,530690,2397800,0,-3.957082785,0.085922447,0.134207015
418,Q8IUD2,ELKS/Rab6-interacting/CAST family member 1,ERC1,0,0,0,469310,2963200,145180,4.345506404,0.012916996,0.023966933
419,Q8IVF2,Protein AHNAK2,AHNAK2,0,0,0,519980,805110,488540,4.351852276,1.52e-06,4.84e-06
420,Q8IWC1,MAP7 domain-containing protein 3,MAP7D3,0,0,0,1436900,1526800,1565400,5.727392575,5.12e-08,2.8e-07
421,Q8IWZ3,Ankyrin repeat and KH domain-containing protein 1,ANKHD1,0,131370,0,6378400,7263600,4462200,6.127265557,0.010947471,0.020493926
422,Q8IX90,Spindle and kinetochore-associated protein 3,SKA3,0,0,0,120660,140350,0,1.398213515,0.093211088,0.134972939
423,Q8IY67,Ribonucleoprotein PTB-binding 1,RAVER1,0,0,0,700420,0,0,1.595181485,0.334632561,0.388645857
424,Q8IYR2,SET and MYND domain-containing protein 4,SMYD4,0,0,0,0,0,0,0,1,1
425,Q8IZH2,5-3 exoribonuclease 1,XRN1,0,0,0,25500000,45400000,32400000,10.26785411,1.56e-08,1.62e-07
426,Q8IZP0,Abl interactor 1,ABI1,5748600,1114100,7137400,6890900,5787200,5306800,-0.523728827,0.083815014,0.134207015
427,Q8N2Y8,Iporin,RUSC2,0,0,0,0,821830,535650,2.953418932,0.089010718,0.134207015
428,Q8N3J3,Uncharacterized protein C17orf53,HROB,0,0,0,549830,493570,441200,4.087893922,6.54e-06,1.78e-05
429,Q8N4C8,Misshapen-like kinase 1,MINK1,0,0,0,181420,333110,0,2.027117241,0.089309131,0.134207015
430,Q8N5C8,TGF-beta-activated kinase 1 and MAP3K7-binding protein 3,TAB3,0,0,0,3653500,4272500,3238100,7.062162786,1.98e-08,1.74e-07
431,Q8N5G2,Macoilin,MACO1,0,0,0,1289100,1414900,1470000,5.607197071,5.08e-08,2.8e-07
432,Q8N6T3,ADP-ribosylation factor GTPase-activating protein 1,ARFGAP1,0,0,0,447840,830980,633050,4.421304141,1.46e-06,4.66e-06
433,Q8N9Q2,Protein SREK1IP1,SREK1IP1,396180,141670,239990,143280,182330,159770,-1.697431029,0.004383061,0.00850909
434,Q8NBS9,Thioredoxin domain-containing protein 5,TXNDC5,0,0,1478800,0,0,0,-1.84343891,0.334570267,0.388645857
435,Q8NC51,Plasminogen activator inhibitor 1 RNA-binding protein,SERBP1,1044200,273860,0,6414500,8195100,3594800,3.812113713,0.094628011,0.135022324
436,Q8ND56,Protein LSM14 homolog A,LSM14A,0,0,0,0,0,282060,1.101652767,0.334904319,0.388645857
437,Q8NDI1,EH domain-binding protein 1,EHBP1,0,0,0,440500,949520,698270,4.526787609,6.76e-06,1.83e-05
438,Q8NDV7,Trinucleotide repeat-containing gene 6A protein,TNRC6A,0,425150,0,1.34e+08,1.8e+08,1.86e+08,9.721972524,0.016653802,0.030363019
439,Q8NEV8,Exophilin-5,EXPH5,0,0,0,6423200,10700000,6298600,8.120307078,3.85e-08,2.48e-07
440,Q8NFD5,AT-rich interactive domain-containing protein 1B,ARID1B,0,0,0,176960,310700,0,1.98036713,0.088993888,0.134207015
441,Q8NHB1,Olfactory receptor 2V1,OR2V1,0,0,0,0,0,0,0,1,1
442,Q8NHV4,Protein NEDD1,NEDD1,0,0,0,466550,621940,345260,4.000032792,1e-05,2.66e-05
443,Q8TA86,Retinitis pigmentosa 9 protein,RP9,226860,83649,0,179510,473830,0,-0.245042225,0.880401295,0.929148346
444,Q8TAA9,Vang-like protein 1,VANGL1,0,0,0,3716400,5477400,3554100,7.241666167,1.99e-08,1.74e-07
445,Q8TBA6,Golgin subfamily A member 5,GOLGA5,0,0,0,9639200,8359900,8143800,8.320547857,3e-07,1.2e-06
446,Q8TCU4,Alstrom syndrome protein 1,ALMS1,0,0,0,178270,143400,1189400,3.413999258,0.017316746,0.031480443
447,Q8TD16,Protein bicaudal D homolog 2,BICD2,0,0,0,0,0,0,0,1,1
448,Q8TDM6,Disks large homolog 5,DLG5,0,0,0,9735100,19100000,13900000,8.979111878,9.03e-08,4.6e-07
449,Q8TEW0,Partitioning defective 3 homolog,PARD3,0,0,0,1569800,1583200,523020,5.255945441,0.000192,0.00044
450,Q8TF72,Protein Shroom3,SHROOM3,18600000,14200000,0,8660700,7583900,1023300,-0.533084952,0.893424188,0.941312922
451,Q8WU20,Fibroblast growth factor receptor substrate 2,FRS2,0,0,0,969840,1283200,1238200,5.338456478,4.21e-08,2.58e-07
452,Q8WUM0,Nuclear pore complex protein Nup133,NUP133,0,0,0,789950,562520,755790,4.59506225,1.57e-05,4.07e-05
453,Q8WW12,PEST proteolytic signal-containing nuclear protein,PCNP,0,0,0,270480,411780,0,2.330067832,0.088453812,0.134207015
454,Q8WWM7,Ataxin-2-like protein,ATXN2L,206960,0,186000,11900000,17700000,13100000,6.913074153,0.0011807,0.002442961
455,Q8WXE0,Caskin-2,CASKIN2,0,0,0,679270,1265100,1087400,5.095191806,2.09e-06,6.4e-06
456,Q8WXH0,Nesprin-2,SYNE2,0,0,0,0,0,0,0,1,1
457,Q8WXI2,Connector enhancer of kinase suppressor of ras 2,CNKSR2,0,266770,0,0,0,0,-1.64705724,0.334617188,0.388645857
458,Q8WYP5,Protein ELYS,AHCTF1,0,0,0,62400000,39100000,54900000,10.88472131,7.56e-07,2.58e-06
459,Q8WZ19,BTB/POZ domain-containing adapter for CUL3-mediated RhoA degradation protein 1,KCTD13,0,0,1479700,0,0,0,-1.843686678,0.334570217,0.388645857
460,Q8WZ42,Titin,TTN,0,0,0,2178600,2497800,2437100,6.391265465,1.79e-08,1.69e-07
461,Q92540,Protein SMG7,SMG7,0,0,0,194740,134390,217020,2.591514407,0.001015446,0.002136171
462,Q92545,Transmembrane protein 131,TMEM131,0,0,0,7158300,10600000,9821200,8.383099181,1.85e-08,1.69e-07
463,Q92575,UBX domain-containing protein 4,UBXN4,0,0,0,2179300,2546300,2033700,6.310559768,1.43e-08,1.56e-07
464,Q92616,Translational activator GCN1,GCN1,0,0,0,3256500,1952300,2669300,6.514664806,8.3e-06,2.23e-05
465,Q92625,Ankyrin repeat and SAM domain-containing protein 1A,ANKS1A,0,0,0,1708000,4455900,2288500,6.527661331,5.69e-06,1.56e-05
466,Q92628,Uncharacterized protein KIAA0232,KIAA0232,0,0,0,0,0,729170,1.560385241,0.334643743,0.388645857
467,Q92738,USP6 N-terminal-like protein,USP6NL,0,0,0,16200000,19200000,15100000,9.267229464,2.85e-09,5.28e-08
468,Q92783,Signal transducing adapter molecule 1,STAM,0,0,0,1526800,2852600,2505100,6.293752565,1.01e-06,3.36e-06
469,Q92841,Probable ATP-dependent RNA helicase DDX17,DDX17,283910,217820,608040,1319200,1469100,1075800,1.156639724,0.033557103,0.059625474
470,Q92870,Amyloid beta A4 precursor protein-binding family B member 2,APBB2,0,0,0,470120,0,503700,2.790883295,0.08837837,0.134207015
471,Q92890,Ubiquitin fusion degradation protein 1 homolog,UFD1,0,0,0,1351600,1091700,1834500,5.611816478,8.49e-06,2.27e-05
472,Q92945,Far upstream element-binding protein 2,KHSRP,4315900,700500,1920900,3374600,5915300,4281200,0.180870273,0.706480691,0.7596177
473,Q92953,Potassium voltage-gated channel subfamily B member 2,KCNB2,0,0,0,1034200,1239800,1027200,5.262332364,1.43e-08,1.56e-07
474,Q92997,Segment polarity protein dishevelled homolog DVL-3,DVL3,0,0,0,48200000,72700000,41600000,10.92650919,2.43e-08,1.91e-07
475,Q93052,Lipoma-preferred partner,LPP,0,0,0,341060,1413600,1614900,5.006191887,0.000581,0.001254991
476,Q93077,Histone H2A type 1-C,H2AC6,0,0,0,4539100,0,0,2.521173322,0.334483826,0.388645857
477,Q969F2,Protein naked cuticle homolog 2,NKD2,0,0,0,5061500,6540700,5978900,7.741612627,7.92e-09,1.04e-07
478,Q96A49,Synapse-associated protein 1,SYAP1,0,0,0,467740,1503400,910350,4.910691926,6.67e-05,0.000159
479,Q96A65,Exocyst complex component 4,EXOC4,0,0,0,9324600,16100000,10800000,8.756577536,1.53e-08,1.62e-07
480,Q96AB3,"Isochorismatase domain-containing protein 2, mitochondrial",ISOC2,548690,160700,686760,256720,0,214350,-2.673503169,0.046676589,0.082239704
481,Q96AY4,Tetratricopeptide repeat protein 28,TTC28,0,0,0,1477700,1680400,1217200,5.665327281,1.98e-07,8.52e-07
482,Q96C19,EF-hand domain-containing protein D2,EFHD2,0,0,0,5969700,8237200,7822400,8.064352236,1.76e-08,1.69e-07
483,Q96C92,Serologically defined colon cancer antigen 3,ENTR1,0,852400,0,33400000,32100000,51600000,7.340727481,0.056135718,0.098354782
484,Q96DN5,TBC1 domain family member 31,TBC1D31,0,0,0,189130,2042600,1226600,4.763466839,0.003668597,0.007155274
485,Q96EV2,RNA-binding protein 33,RBM33,0,0,0,9469800,9852700,8283600,8.398953799,4.41e-08,2.62e-07
486,Q96H55,Unconventional myosin-XIX,MYO19,0,432790,519970,0,0,0,-3.363157931,0.095973904,0.135963031
487,Q96HA1,Nuclear envelope pore membrane protein POM 121,POM121,0,0,0,11200000,14900000,12700000,8.882889258,1.07e-09,3.33e-08
488,Q96HC4,PDZ and LIM domain protein 5,PDLIM5,0,0,0,11900000,17500000,16500000,9.114733895,1.79e-08,1.69e-07
489,Q96I24,Far upstream element-binding protein 3,FUBP3,0,0,0,8636200,11300000,8579000,8.437477284,1.49e-09,3.75e-08
490,Q96J84,Kin of IRRE-like protein 1,KIRREL1,0,0,0,3084700,4758300,3564700,7.079505668,8.27e-09,1.06e-07
491,Q96JH7,Deubiquitinating protein VCIP135,VCPIP1,0,0,0,5210800,7155400,5528500,7.761538254,9.17e-10,3.33e-08
492,Q96KG9,N-terminal kinase-like protein,SCYL1,0,0,0,1268700,1685900,1219900,5.594012705,5.17e-08,2.8e-07
493,Q96KQ4,Apoptosis-stimulating of p53 protein 1,PPP1R13B,0,0,0,684140,1845100,6302100,6.137345681,0.001048901,0.002191888
494,Q96KX2,F-actin-capping protein subunit alpha-3,CAPZA3,902910,0,6012000,0,0,0,-4.405615191,0.097323645,0.137565332
495,Q96LZ7,Regulator of microtubule dynamics protein 2,RMDN2,0,0,5291500,0,0,0,-2.59262994,0.334478426,0.388645857
496,Q96NW7,Leucine-rich repeat-containing protein 7,LRRC7,0,0,0,3381300,4817800,3853300,7.17075735,2.2e-09,4.61e-08
497,Q96PK6,RNA-binding protein 14,RBM14,278090,67479,483650,1005300,2464700,854300,1.762704502,0.012714289,0.023660616
498,Q96PV6,Leukocyte receptor cluster member 8,LENG8,0,0,0,605250,985210,653400,4.667687855,5.49e-07,2.04e-06
499,Q96RQ3,"Methylcrotonoyl-CoA carboxylase subunit alpha, mitochondrial",MCCC1,6.56e+09,1.03e+09,8.76e+09,1.45e+09,2.23e+09,1.68e+09,-0.187904292,0.115988852,0.158947686
500,Q96RT1,Protein LAP2,ERBIN,190270,86077,0,1.31e+08,1.4e+08,1.25e+08,9.064192308,0.002629703,0.00520152
501,Q96SK2,Transmembrane protein 209,TMEM209,0,0,0,4748600,7016800,6700600,7.800746081,4.55e-08,2.63e-07
502,Q96T21,Selenocysteine insertion sequence-binding protein 2,SECISBP2,0,0,0,496070,671810,700930,4.417129226,3.85e-07,1.48e-06
503,Q96T49,Protein phosphatase 1 regulatory inhibitor subunit 16B,PPP1R16B,0,0,0,0,719950,0,1.48023124,0.334672563,0.388645857
504,Q99618,Cell division cycle-associated protein 3,CDCA3,0,0,0,1465200,575020,1169900,5.121228198,0.000178,0.000409
505,Q99700,Ataxin-2,ATXN2,0,0,0,8431000,10800000,8813800,8.415892408,1.3e-09,3.72e-08
506,Q99733,Nucleosome assembly protein 1-like 4,NAP1L4,0,0,0,12700000,15300000,14200000,9.00987281,4.19e-09,6.94e-08
507,Q99767;Q02410,Amyloid beta A4 precursor protein-binding family A member 2;Amyloid beta A4 precursor protein-binding family A member 1,APBA2;APBA1,0,0,0,766210,671090,719550,4.642401767,2.06e-06,6.34e-06
508,Q99880,Histone H2B type 1-L,H2BC13,0,0,0,378050,0,0,1.309691204,0.334752409,0.388645857
509,Q99963;Q99962;Q99961,Endophilin-A3;Endophilin-A1;Endophilin-A2,SH3GL3;SH3GL2;SH3GL1,0,0,0,256700,464440,338040,3.552241865,8.95e-07,2.99e-06
510,Q9BQ61,Uncharacterized protein C19orf43,TRIR,0,0,0,252210,395780,0,2.27569078,0.088516449,0.134207015
511,Q9BR76,Coronin-1B,CORO1B,0,0,0,27100000,33800000,37300000,10.22248953,2.84e-08,2.15e-07
512,Q9BR77,Coiled-coil domain-containing protein 77,CCDC77,0,0,0,295140,574630,672770,4.064143538,4.15e-05,0.000102
513,Q9BRK4,Leucine zipper putative tumor suppressor 2,LZTS2,0,0,0,1.28e+08,1.8e+08,1.5e+08,12.57784391,2.26e-10,2.5e-08
514,Q9BRR8,G patch domain-containing protein 1,GPATCH1,0,0,0,4937400,5309300,4854200,7.523283866,3.82e-08,2.48e-07
515,Q9BSJ8,Extended synaptotagmin-1,ESYT1,0,0,0,4154200,6720900,2551000,7.233843914,4.79e-06,1.33e-05
516,Q9BTE3,Mini-chromosome maintenance complex-binding protein,MCMBP,0,0,97418,0,0,0,-0.803568129,0.335360559,0.388645857
517,Q9BTX1,Nucleoporin NDC1,NDC1,0,0,0,459880,1888800,1216300,5.15509798,0.000183,0.00042
518,Q9BV40,Vesicle-associated membrane protein 8,VAMP8,0,0,0,771510,827590,536120,4.604387912,5.03e-06,1.39e-05
519,Q9BWT7,Caspase recruitment domain-containing protein 10,CARD10,0,0,0,0,172060,74681,1.172220659,0.104752386,0.145130508
520,Q9BXF6,Rab11 family-interacting protein 5,RAB11FIP5,0,0,0,1972500,2970000,2272700,6.393232965,1.81e-08,1.69e-07
521,Q9BY89,Uncharacterized protein KIAA1671,KIAA1671,0,0,0,10100000,12800000,12700000,8.759192135,1.32e-08,1.48e-07
522,Q9BYB4,Guanine nucleotide-binding protein subunit beta-like protein 1,GNB1L,740160,596910,0,610390,808670,601250,0.766459806,0.688340273,0.743615953
523,Q9C026,E3 ubiquitin-protein ligase TRIM9,TRIM9,0,0,0,1193100,1533000,196480,4.628164317,0.00367433,0.007155274
524,Q9C0B5,Palmitoyltransferase ZDHHC5,ZDHHC5,0,0,0,3209100,3413900,1849600,6.603486443,3.07e-06,8.98e-06
525,Q9C0C9,E2/E3 hybrid ubiquitin-protein ligase UBE2O,UBE2O,0,0,0,784400,2182900,689460,5.209159851,9.35e-05,0.00022
526,Q9C0D5,Protein TANC1,TANC1,0,0,0,5500300,9686500,5485200,7.931758532,7.71e-08,4.06e-07
527,Q9H0D6,5-3 exoribonuclease 2,XRN2,61727,0,0,107470,217130,0,0.802159152,0.463657043,0.520786214
528,Q9H0J9,Poly [ADP-ribose] polymerase 12,PARP12,0,0,0,0,286980,0,0.994498937,0.335022214,0.388645857
529,Q9H2G2,STE20-like serine/threonine-protein kinase,SLK,0,0,0,0,242070,332320,2.094880248,0.094056486,0.135022324
530,Q9H2H9,Sodium-coupled neutral amino acid transporter 1,SLC38A1,0,0,0,95429,278200,0,1.620581151,0.100277279,0.140165352
531,Q9H307,Pinin,PNN,0,0,0,1768300,3021500,1395500,6.105541679,3.87e-06,1.11e-05
532,Q9H329,Band 4.1-like protein 4B,EPB41L4B,0,0,0,782090,965480,511500,4.663411691,1.17e-05,3.08e-05
533,Q9H3N1,Thioredoxin-related transmembrane protein 1,TMX1,0,0,0,0,1554600,0,1.864124171,0.334566168,0.388645857
534,Q9H3P7,Golgi resident protein GCP60,ACBD3,0,0,0,1141400,3115100,2091100,6.104161806,1.18e-05,3.08e-05
535,Q9H3U1,Protein unc-45 homolog A,UNC45A,0,0,0,2525000,3145700,2445600,6.582305409,5.51e-09,8.25e-08
536,Q9H5V9,UPF0428 protein CXorf56,STEEP1,0,0,0,1647300,1798500,2280900,6.057380129,6.25e-07,2.25e-06
537,Q9H6J7,UPF0705 protein C11orf49,CSTPP1,0,0,0,1498800,4185300,1801100,6.311126633,1.39e-05,3.62e-05
538,Q9H6S0,Probable ATP-dependent RNA helicase YTHDC2,YTHDC2,0,0,0,833190,5223000,3550600,6.467738139,3e-04,0.000678
539,Q9H6Z4,Ran-binding protein 3,RANBP3,0,0,0,2050500,2133900,2391000,6.272876737,1.52e-07,6.87e-07
540,Q9H792,Pseudopodium-enriched atypical kinase 1,PEAK1,0,0,0,16400000,27100000,16100000,9.471085604,2.41e-08,1.91e-07
541,Q9H7U1,Serine-rich coiled-coil domain-containing protein 2,CCSER2,0,0,0,3674900,4870500,5266600,7.373848926,1.49e-07,6.82e-07
542,Q9H8Y8,Golgi reassembly-stacking protein 2,GORASP2,0,0,0,1837700,3032500,2037600,6.31363218,1.23e-07,6e-07
543,Q9H910,Hematological and neurological expressed 1-like protein,JPT2,0,0,0,2567800,3567200,3449300,6.826285941,4.87e-08,2.73e-07
544,Q9HA64,Ketosamine-3-kinase,FN3KRP,6046800,3338000,5187700,3163200,4811200,4904800,-1.400011613,0.100087173,0.140165352
545,Q9HAU0,Pleckstrin homology domain-containing family A member 5,PLEKHA5,0,0,0,28400000,37400000,30300000,10.19480826,2.5e-10,2.5e-08
546,Q9HB21,Pleckstrin homology domain-containing family A member 1,PLEKHA1,0,0,0,662810,1156500,816800,4.899845541,6.5e-07,2.31e-06
547,Q9HC62,Sentrin-specific protease 2,SENP2,0,0,0,3278100,3942800,3354800,6.985256735,4.15e-09,6.94e-08
548,Q9HCC0,"Methylcrotonoyl-CoA carboxylase beta chain, mitochondrial",MCCC2,738070,0,546580,0,0,0,-3.125971734,0.090237909,0.134207015
549,Q9HCM3,UPF0606 protein KIAA1549,KIAA1549,0,0,0,18600000,2.1e+07,22200000,9.560670127,2.17e-08,1.87e-07
550,Q9HCM4,Band 4.1-like protein 5,EPB41L5,0,0,0,777080,813080,959190,4.88392039,6.24e-07,2.25e-06
551,Q9HD26,Golgi-associated PDZ and coiled-coil motif-containing protein,GOPC,0,0,0,0,0,1060600,1.746021128,0.334591567,0.388645857
552,Q9HDC5,Junctophilin-1,JPH1,0,0,0,280190,384020,0,2.312931906,0.088454205,0.134207015
553,Q9NP61,ADP-ribosylation factor GTPase-activating protein 3,ARFGAP3,0,0,0,3298600,3954200,3203600,6.966682665,5.34e-09,8.19e-08
554,Q9NPA3,Mid1-interacting protein 1,MID1IP1,0,0,85136,0,0,0,-0.748779136,0.335508268,0.388645857
555,Q9NQC7,Ubiquitin carboxyl-terminal hydrolase CYLD,CYLD,27434,0,0,584890,189250,0,1.978370405,0.184841197,0.248961698
556,Q9NR12,PDZ and LIM domain protein 7,PDLIM7,0,0,0,888120,5157400,3919800,6.542868308,0.00026,0.000591
557,Q9NR30,Nucleolar RNA helicase 2,DDX21,58004,221230,111770,1635300,1111400,864090,2.367381657,0.066647877,0.116126079
558,Q9NRA8,Eukaryotic translation initiation factor 4E transporter,EIF4ENIF1,0,0,0,1534000,2090200,1113000,5.746052593,2.43e-06,7.34e-06
559,Q9NRM7,Serine/threonine-protein kinase LATS2,LATS2,0,0,0,616580,934850,177540,4.010514267,0.002012949,0.004058156
560,Q9NRY6,Phospholipid scramblase 3,PLSCR3,0,0,0,563370,764130,605500,4.470981296,2.37e-08,1.91e-07
561,Q9NU19,TBC1 domain family member 22B,TBC1D22B,0,0,0,718940,754370,827560,4.736867471,3.49e-07,1.37e-06
562,Q9NW64,Pre-mRNA-splicing factor RBM22,RBM22,49104,0,0,66633,71802,0,0.059539141,0.941879743,0.989052351
563,Q9NXE4,Sphingomyelin phosphodiesterase 4,SMPD4,0,0,0,5186300,11200000,9521900,8.240716441,6.53e-07,2.31e-06
564,Q9NYF8,Bcl-2-associated transcription factor 1,BCLAF1,0,0,0,708130,710980,701890,4.619953748,3.98e-07,1.52e-06
565,Q9NYJ8,TGF-beta-activated kinase 1 and MAP3K7-binding protein 2,TAB2,0,0,0,7643200,12400000,10100000,8.50232134,1.12e-08,1.36e-07
566,Q9NZ20,Group 3 secretory phospholipase A2,PLA2G3,0,0,0,0,0,0,0,1,1
567,Q9NZ52,ADP-ribosylation factor-binding protein GGA3,GGA3,0,0,0,6297600,10500000,6264800,8.099784774,3.34e-08,2.35e-07
568,Q9NZC7,WW domain-containing oxidoreductase,WWOX,0,0,0,1.08e+08,1.68e+08,1.33e+08,12.38888543,1.11e-09,3.33e-08
569,Q9NZZ3,Charged multivesicular body protein 5,CHMP5,0,0,0,8004500,5747200,7395300,8.005216151,1.97e-06,6.1e-06
570,Q9P0K7,Ankycorbin,RAI14,0,0,0,1629400,1464200,0,3.830120715,0.088847035,0.134207015
571,Q9P0L1,Zinc finger protein with KRAB and SCAN domains 7,ZKSCAN7,0,0,0,0,0,0,0,1,1
572,Q9P206,Uncharacterized protein KIAA1522,NHSL3,0,0,0,528150,1097200,752090,4.722473101,4.14e-06,1.18e-05
573,Q9P246,Stromal interaction molecule 2,STIM2,0,0,0,898290,1380700,540000,4.932766107,4.03e-05,1e-04
574,Q9P258,Protein RCC2,RCC2,13500000,1412900,15100000,1842800,3230400,1088900,-2.970567947,0.001611757,0.003302264
575,Q9P265,Disco-interacting protein 2 homolog B,DIP2B,0,0,0,0,1158800,233550,2.706575014,0.110320408,0.151841437
576,Q9P2D6,Protein FAM135A,FAM135A,0,0,0,3140800,4604300,5245600,7.265322416,5.55e-07,2.05e-06
577,Q9P2F5,Storkhead-box protein 2,STOX2,0,0,0,1396900,1954300,1456200,5.798460473,2.55e-08,1.98e-07
578,Q9P2F8,Signal-induced proliferation-associated 1-like protein 2,SIPA1L2,0,0,0,8032400,6561800,6105200,7.978328095,6.97e-07,2.44e-06
579,U3KPZ7;Q9P2N5,RNA-binding protein 27,RBM27,0,0,0,2291500,2425700,2155000,6.340332767,3.4e-08,2.35e-07
580,Q9UBC2,Epidermal growth factor receptor substrate 15-like 1,EPS15L1,0,0,0,6409400,10600000,5253600,8.027956479,2.91e-07,1.18e-06
581,Q9UBF2,Coatomer subunit gamma-2,COPG2,754730,0,0,84500000,1.36e+08,1.12e+08,9.763847042,0.006086921,0.01160204
582,Q9UBW8,COP9 signalosome complex subunit 7a,COPS7A,0,0,0,0,0,0,0,1,1
583,Q9UEY8,Gamma-adducin,ADD3,0,0,0,4538800,5732700,1759700,7.012553057,3.29e-05,8.28e-05
584,Q9UGI8,Testin,TES,154330,0,0,1720000,1812800,2598100,5.235443183,0.002248644,0.004504449
585,Q9UGP4,LIM domain-containing protein 1,LIMD1,0,0,0,6852400,9740500,8051500,8.22486267,1.36e-09,3.72e-08
586,Q9UGU0,Transcription factor 20,TCF20,0,0,0,2372400,3510900,2468700,6.610831827,1.82e-08,1.69e-07
587,Q9UHD8,Septin-9,SEPTIN9,0,0,0,380240,1712800,1182200,5.000746587,0.000318,0.000717
588,Q9UHI6,Probable ATP-dependent RNA helicase DDX20,DDX20,0,0,0,0,850100,685600,3.09462708,0.088341591,0.134207015
589,Q9UID3,Vacuolar protein sorting-associated protein 51 homolog,VPS51,0,0,0,0,0,0,0,1,1
590,Q9UJF2,Ras GTPase-activating protein nGAP,RASAL2,0,0,0,7585200,11600000,7241100,8.306447936,1.6e-08,1.63e-07
591,Q9UK76,"Hematological and neurological expressed 1 protein;Hematological and neurological expressed 1 protein, N-terminally processed",JPT1,0,0,0,3959100,4657200,2634500,7.04220915,7.51e-07,2.58e-06
592,Q9UKE5,TRAF2 and NCK-interacting protein kinase,TNIK,0,0,0,0,0,42713,0.191575952,0.350978825,0.403593566
593,Q9UKV3,Apoptotic chromatin condensation inducer in the nucleus,ACIN1,0,0,0,0,0,156160,0.816711376,0.33532946,0.388645857
594,Q9UKZ4,Teneurin-1;Ten-1 intracellular domain;Teneurin C-terminal-associated peptide,TENM1,0,0,0,1140200,200060,1347300,4.551687965,0.005028026,0.009671646
595,Q9UL36,Zinc finger protein 236,ZNF236,0,1935200,1.08e+08,0,0,1177900,-5.611884844,0.215526527,0.287826296
596,Q9ULC8,Probable palmitoyltransferase ZDHHC8,ZDHHC8,0,0,0,1795100,3591100,2079400,6.396619906,1.02e-06,3.37e-06
597,Q9ULH0,Kinase D-interacting substrate of 220 kDa,KIDINS220,0,0,0,1837600,1341100,1716900,5.828819862,3.17e-06,9.18e-06
598,Q9ULH7,MKL/myocardin-like protein 2,MRTFB,0,0,0,39300000,59800000,41800000,10.73227884,1.8e-09,4.25e-08
599,Q9ULI4,Kinesin-like protein KIF26A,KIF26A,0,0,0,793290,2922200,0,3.816288686,0.09466589,0.135022324
600,Q9ULK5,Vang-like protein 2,VANGL2,0,0,0,1207100,876830,1171800,5.233153618,6.05e-06,1.65e-05
601,Q9UM54,Unconventional myosin-VI,MYO6,0,0,0,529700,2121900,472740,4.819555189,0.00053,0.0011569
602,Q9UPM8,AP-4 complex subunit epsilon-1,AP4E1,0,0,0,936910,936960,654220,4.85764844,3.32e-06,9.57e-06
603,Q9UPN3,"Microtubule-actin cross-linking factor 1, isoforms 1/2/3/5",MACF1,0,0,0,784320,886050,937930,4.919505415,1.2e-07,5.91e-07
604,Q9UPN4,Centrosomal protein of 131 kDa,CEP131,0,0,0,144950,152050,0,1.528569298,0.09460404,0.135022324
605,Q9UPQ9,Trinucleotide repeat-containing gene 6B protein,TNRC6B,0,0,0,29700000,30100000,29800000,10.1014209,1.57e-08,1.62e-07
606,Q9UPS8,Ankyrin repeat domain-containing protein 26,ANKRD26,0,0,0,1299200,1641900,692680,5.318133183,2.81e-05,7.13e-05
607,Q9UPT8,Zinc finger CCCH domain-containing protein 4,ZC3H4,0,0,0,378270,0,709350,2.850006641,0.090761753,0.134207015
608,Q9UPV0,Centrosomal protein of 164 kDa,CEP164,0,0,0,119620,0,142940,1.54591388,0.088724394,0.134207015
609,Q9UQR0,Sex comb on midleg-like protein 2,SCML2,0,0,0,821350,945010,1022400,5.015495755,1.5e-07,6.85e-07
610,Q9Y217,Myotubularin-related protein 6,MTMR6,0,0,0,1816000,1834400,2002100,6.050962795,1.32e-07,6.27e-07
611,Q9Y265,RuvB-like 1,RUVBL1,0,0,0,1185100,1032300,1147800,5.293414689,8.79e-07,2.96e-06
612,Q9Y2G0,Protein EFR3 homolog B,EFR3B,0,0,0,648800,1856200,2623200,5.68680668,0.000171,0.000396
613,Q9Y2H0,Disks large-associated protein 4,DLGAP4,0,0,0,0,0,0,0,1,1
614,Q9Y2I7,1-phosphatidylinositol 3-phosphate 5-kinase,PIKFYVE,0,0,0,344810,0,266140,2.342491122,0.090816477,0.134207015
615,Q9Y2J2,"Band 4.1-like protein 3;Band 4.1-like protein 3, N-terminally processed",EPB41L3,0,0,0,46900000,63400000,43600000,10.86876464,2.12e-09,4.61e-08
616,Q9Y2U8,Inner nuclear membrane protein Man1,LEMD3,0,0,0,12800000,2e+07,7949800,8.863504123,1.46e-06,4.66e-06
617,Q9Y2W1,Thyroid hormone receptor-associated protein 3,THRAP3,0,0,0,340350,318670,314990,3.471167313,1.16e-05,3.08e-05
618,Q9Y3Y2,Chromatin target of PRMT1 protein,CHTOP,0,0,0,296010,0,0,1.195320294,0.334826115,0.388645857
619,Q9Y490,Talin-1,TLN1,0,0,0,2283400,2783700,3852000,6.698327109,1.82e-06,5.71e-06
620,Q9Y4J8,Dystrobrevin alpha,DTNA,0,0,0,398360,518760,0,2.637783806,0.088397289,0.134207015
621,Q9Y4K1,Absent in melanoma 1 protein,CRYBG1,0,0,0,0,0,0,0,1,1
622,Q9Y4L1,Hypoxia up-regulated protein 1,HYOU1,0,0,0,587900,751410,161090,3.831616241,0.002162488,0.004345703
623,Q9Y4P8,WD repeat domain phosphoinositide-interacting protein 2,WIPI2,0,0,0,559450,984760,0,3.122191773,0.089071886,0.134207015
624,Q9Y520,Protein PRRC2C,PRRC2C,57336,14574,49605,21300000,2.8e+07,20500000,8.631171356,1.27e-07,6.12e-07
625,Q9Y5K6,CD2-associated protein,CD2AP,0,0,0,24100000,29800000,2.6e+07,9.930350436,7.89e-10,3.1e-08
626,Q9Y5V3,Melanoma-associated antigen D1,MAGED1,0,0,0,5879700,8813200,8914300,8.152284472,9.06e-08,4.6e-07
627,Q9Y5Z9,UbiA prenyltransferase domain-containing protein 1,UBIAD1,0,0,0,1038100,0,0,1.778723111,0.334584026,0.388645857
628,Q9Y6R0,Numb-like protein,NUMBL,0,0,0,0,266650,593330,2.434978702,0.101908614,0.141622059
629,Q9Y6Y8,SEC23-interacting protein,SEC23IP,0,0,0,7714700,12200000,7172500,8.335964982,3.94e-08,2.48e-07
